<TICKER>;<PER>;<DATE>;<TIME>;<OPEN>;<HIGH>;<LOW>;<CLOSE>;<VOL>
RU000A0JTMK9;D;20130306;000000;100.2000000;100.5000000;100.0700000;100.4000000;554603
RU000A0JTMK9;D;20130307;000000;100.0200000;100.4500000;100.0200000;100.3500000;358001
RU000A0JTMK9;D;20130311;000000;100.4000000;100.4500000;100.4000000;100.4000000;94000
RU000A0JTMK9;D;20130312;000000;100.5000000;100.5500000;100.3500000;100.5500000;446999
RU000A0JTMK9;D;20130313;000000;100.5500000;100.6000000;100.5000000;100.6000000;76000
RU000A0JTMK9;D;20130314;000000;100.3500000;100.8000000;100.3500000;100.7500000;217001
RU000A0JTMK9;D;20130315;000000;100.3500000;100.9000000;100.3500000;100.8500000;280001
RU000A0JTMK9;D;20130318;000000;100.6500000;100.6500000;100.6500000;100.6500000;9000
RU000A0JTMK9;D;20130319;000000;100.6000000;100.8000000;100.3000000;100.8000000;317616
RU000A0JTMK9;D;20130320;000000;100.5000000;100.6000000;100.2500000;100.5500000;109000
RU000A0JTMK9;D;20130321;000000;100.6000000;101.0000000;100.6000000;101.0000000;2002
RU000A0JTMK9;D;20130322;000000;100.6000000;100.6000000;100.6000000;100.6000000;2380
RU000A0JTMK9;D;20130325;000000;100.6000000;100.6000000;100.6000000;100.6000000;16501
RU000A0JTMK9;D;20130326;000000;100.5500000;100.5500000;100.5500000;100.5500000;29998
RU000A0JTMK9;D;20130327;000000;100.4500000;100.5000000;100.4500000;100.5000000;11098
RU000A0JTMK9;D;20130328;000000;100.5000000;100.5000000;100.5000000;100.5000000;5000
RU000A0JTMK9;D;20130329;000000;100.6800000;100.6800000;100.6000000;100.6000000;2001
RU000A0JTMK9;D;20130401;000000;100.7000000;100.7000000;100.7000000;100.7000000;1
RU000A0JTMK9;D;20130403;000000;100.5600000;100.7500000;100.5600000;100.7500000;2
RU000A0JTMK9;D;20130404;000000;100.0000000;100.6500000;100.0000000;100.6500000;12003
RU000A0JTMK9;D;20130405;000000;99.0000000;101.0000000;99.0000000;101.0000000;239003
RU000A0JTMK9;D;20130408;000000;100.7900000;101.0000000;100.4000000;101.0000000;260003
RU000A0JTMK9;D;20130409;000000;98.0000000;101.2500000;98.0000000;101.0500000;269008
RU000A0JTMK9;D;20130410;000000;100.0000000;101.0500000;100.0000000;101.0500000;55004
RU000A0JTMK9;D;20130411;000000;101.1000000;101.1000000;100.9000000;100.9000000;35000
RU000A0JTMK9;D;20130412;000000;101.4500000;101.4500000;100.7500000;101.0000000;10003
RU000A0JTMK9;D;20130415;000000;101.0800000;101.0800000;101.0800000;101.0800000;1
RU000A0JTMK9;D;20130416;000000;100.8500000;100.8500000;100.5100000;100.8500000;104002
RU000A0JTMK9;D;20130417;000000;100.8000000;100.9000000;100.7000000;100.9000000;6004
RU000A0JTMK9;D;20130418;000000;100.7000000;100.7000000;100.6000000;100.7000000;32000
RU000A0JTMK9;D;20130419;000000;100.8000000;100.8800000;100.8000000;100.8800000;114000
RU000A0JTMK9;D;20130422;000000;100.9000000;101.0000000;100.9000000;100.9000000;2002
RU000A0JTMK9;D;20130423;000000;100.8000000;100.8000000;100.8000000;100.8000000;20000
RU000A0JTMK9;D;20130424;000000;100.9000000;100.9000000;100.9000000;100.9000000;4000
RU000A0JTMK9;D;20130425;000000;100.8500000;100.8500000;100.8000000;100.8000000;2101
RU000A0JTMK9;D;20130426;000000;100.9000000;100.9000000;100.9000000;100.9000000;110896
RU000A0JTMK9;D;20130429;000000;100.8500000;100.9500000;100.8500000;100.9000000;102001
RU000A0JTMK9;D;20130430;000000;100.9500000;101.0000000;100.9500000;101.0000000;61315
RU000A0JTMK9;D;20130506;000000;101.0000000;101.0300000;101.0000000;101.0300000;4400
RU000A0JTMK9;D;20130507;000000;100.9500000;101.0500000;100.9500000;101.0500000;2
RU000A0JTMK9;D;20130508;000000;101.0500000;101.0500000;101.0500000;101.0500000;16222
RU000A0JTMK9;D;20130513;000000;100.9000000;100.9000000;100.9000000;100.9000000;6006
RU000A0JTMK9;D;20130514;000000;101.0500000;101.0500000;101.0500000;101.0500000;2000
RU000A0JTMK9;D;20130515;000000;101.0000000;101.0000000;101.0000000;101.0000000;3000
RU000A0JTMK9;D;20130516;000000;101.0000000;101.0500000;101.0000000;101.0500000;5032
RU000A0JTMK9;D;20130517;000000;101.0500000;101.3500000;101.0500000;101.3500000;91778
RU000A0JTMK9;D;20130520;000000;101.2500000;101.3500000;101.1500000;101.3500000;122005
RU000A0JTMK9;D;20130521;000000;101.4000000;101.6700000;101.4000000;101.4000000;19001
RU000A0JTMK9;D;20130522;000000;101.6500000;101.6500000;101.4000000;101.5000000;14000
RU000A0JTMK9;D;20130523;000000;101.4000000;101.4000000;101.1500000;101.1500000;103000
RU000A0JTMK9;D;20130524;000000;101.2000000;101.2000000;101.1500000;101.1500000;22000
RU000A0JTMK9;D;20130528;000000;101.2000000;101.2500000;101.2000000;101.2500000;20001
RU000A0JTMK9;D;20130529;000000;101.1500000;101.1500000;101.0000000;101.0500000;112000
RU000A0JTMK9;D;20130530;000000;101.4000000;101.4000000;101.0500000;101.0500000;4001
RU000A0JTMK9;D;20130531;000000;101.1500000;101.1500000;100.9000000;101.1500000;2701
RU000A0JTMK9;D;20130603;000000;101.5000000;101.5000000;100.7500000;100.7500000;3
RU000A0JTMK9;D;20130604;000000;100.7900000;101.1500000;100.7500000;101.1500000;7151
RU000A0JTMK9;D;20130605;000000;100.8500000;100.8500000;100.8500000;100.8500000;1
RU000A0JTMK9;D;20130606;000000;100.7500000;100.7500000;100.7500000;100.7500000;30000
RU000A0JTMK9;D;20130607;000000;100.7000000;100.7000000;100.6600000;100.6600000;50001
RU000A0JTMK9;D;20130610;000000;100.6000000;100.7500000;100.5300000;100.7500000;52001
RU000A0JTMK9;D;20130611;000000;100.4600000;100.4600000;100.0000000;100.0000000;499392
RU000A0JTMK9;D;20130613;000000;100.1000000;100.1000000;100.1000000;100.1000000;22
RU000A0JTMK9;D;20130614;000000;99.9900000;100.2400000;99.9900000;100.2400000;55922
RU000A0JTMK9;D;20130619;000000;100.1500000;100.1500000;100.1500000;100.1500000;1
RU000A0JTMK9;D;20130620;000000;100.2000000;100.2500000;100.2000000;100.2500000;75920
RU000A0JTMK9;D;20130621;000000;100.5000000;100.5000000;100.5000000;100.5000000;100
RU000A0JTMK9;D;20130625;000000;100.0000000;101.0000000;99.6000000;101.0000000;156764
RU000A0JTMK9;D;20130626;000000;101.0000000;101.0000000;100.3500000;100.3500000;155763
RU000A0JTMK9;D;20130627;000000;100.2500000;100.2500000;99.8000000;99.8000000;47000
RU000A0JTMK9;D;20130628;000000;100.5000000;101.0000000;100.5000000;101.0000000;70015
RU000A0JTMK9;D;20130701;000000;101.0000000;101.0000000;100.7500000;100.9000000;4501
RU000A0JTMK9;D;20130702;000000;100.0000000;100.0000000;100.0000000;100.0000000;2
RU000A0JTMK9;D;20130710;000000;100.8000000;100.8000000;100.8000000;100.8000000;100000
RU000A0JTMK9;D;20130715;000000;100.8000000;101.1000000;100.8000000;101.1000000;2
RU000A0JTMK9;D;20130716;000000;101.0000000;101.1000000;101.0000000;101.1000000;30001
RU000A0JTMK9;D;20130717;000000;100.9000000;101.2000000;100.8500000;101.2000000;294001
RU000A0JTMK9;D;20130718;000000;101.0000000;101.4000000;101.0000000;101.2000000;240002
RU000A0JTMK9;D;20130719;000000;100.0000000;100.8900000;100.0000000;100.8900000;2
RU000A0JTMK9;D;20130722;000000;102.0000000;102.0000000;100.7500000;100.9000000;30001
RU000A0JTMK9;D;20130723;000000;100.9000000;100.9000000;100.9000000;100.9000000;75000
RU000A0JTMK9;D;20130724;000000;101.2000000;101.2000000;101.0000000;101.0000000;5001
RU000A0JTMK9;D;20130725;000000;101.0000000;101.3000000;101.0000000;101.3000000;125000
RU000A0JTMK9;D;20130726;000000;101.2500000;101.2500000;101.2500000;101.2500000;5000
RU000A0JTMK9;D;20130729;000000;101.0000000;101.0000000;101.0000000;101.0000000;20000
RU000A0JTMK9;D;20130731;000000;101.6000000;101.6000000;101.0000000;101.0000000;4
RU000A0JTMK9;D;20130801;000000;101.2000000;101.2500000;99.9000000;101.2500000;4
RU000A0JTMK9;D;20130802;000000;99.5000000;100.5100000;99.5000000;100.5100000;50001
RU000A0JTMK9;D;20130805;000000;100.7500000;100.7500000;100.7500000;100.7500000;13
RU000A0JTMK9;D;20130808;000000;101.3500000;101.3500000;101.2500000;101.2500000;99
RU000A0JTMK9;D;20130809;000000;100.0000000;101.0500000;100.0000000;101.0500000;700001
RU000A0JTMK9;D;20130813;000000;100.7500000;100.7500000;100.7500000;100.7500000;3
RU000A0JTMK9;D;20130814;000000;101.0200000;101.0200000;101.0200000;101.0200000;1
RU000A0JTMK9;D;20130815;000000;100.9900000;101.0000000;100.9900000;101.0000000;50046
RU000A0JTMK9;D;20130816;000000;100.7500000;100.7500000;100.7500000;100.7500000;1
RU000A0JTMK9;D;20130821;000000;100.9000000;100.9000000;100.9000000;100.9000000;202000
RU000A0JTMK9;D;20130827;000000;100.8900000;100.8900000;100.8900000;100.8900000;350000
RU000A0JTMK9;D;20130828;000000;100.8500000;101.0000000;100.8500000;100.8900000;434800
RU000A0JTMK9;D;20130829;000000;100.8500000;100.8800000;100.8500000;100.8800000;99963
RU000A0JTMK9;D;20130902;000000;101.0000000;101.0000000;100.7500000;100.9900000;50003
RU000A0JTMK9;D;20130903;000000;100.7500000;100.7500000;100.7500000;100.7500000;149999
RU000A0JTMK9;D;20130904;000000;100.7500000;100.7500000;100.7500000;100.7500000;65000
RU000A0JTMK9;D;20130906;000000;100.7500000;101.0000000;100.7500000;100.8300000;118904
RU000A0JTMK9;D;20130909;000000;100.5000000;100.5100000;100.4000000;100.4000000;310011
RU000A0JTMK9;D;20130910;000000;101.0000000;101.0000000;101.0000000;101.0000000;1
RU000A0JTMK9;D;20130911;000000;100.6000000;100.6500000;100.6000000;100.6500000;8506
RU000A0JTMK9;D;20130912;000000;100.5500000;100.5500000;100.5500000;100.5500000;1
RU000A0JTMK9;D;20130913;000000;100.5500000;100.5500000;100.5500000;100.5500000;1
RU000A0JTMK9;D;20130917;000000;100.9900000;101.0000000;100.9900000;101.0000000;100001
RU000A0JTMK9;D;20130918;000000;101.0000000;101.0000000;101.0000000;101.0000000;1
RU000A0JTMK9;D;20130919;000000;101.1500000;102.0000000;101.1500000;102.0000000;50001
RU000A0JTMK9;D;20130920;000000;100.9500000;101.3000000;100.9500000;101.3000000;100383
RU000A0JTMK9;D;20130924;000000;101.5000000;101.5000000;101.0000000;101.1500000;10005
RU000A0JTMK9;D;20130925;000000;101.1500000;101.5000000;101.1200000;101.5000000;180001
RU000A0JTMK9;D;20130926;000000;101.1500000;101.1500000;101.1500000;101.1500000;9200
RU000A0JTMK9;D;20130927;000000;101.4900000;101.4900000;101.4900000;101.4900000;1
RU000A0JTMK9;D;20130930;000000;100.0000000;101.1000000;100.0000000;101.0000000;460043
RU000A0JTMK9;D;20131001;000000;101.0800000;101.0800000;100.7500000;100.7500000;263
RU000A0JTMK9;D;20131002;000000;101.1800000;101.2300000;101.1800000;101.2300000;120000
RU000A0JTMK9;D;20131003;000000;101.3500000;101.3700000;101.3500000;101.3700000;101997
RU000A0JTMK9;D;20131007;000000;101.4000000;101.5500000;101.4000000;101.5500000;50001
RU000A0JTMK9;D;20131014;000000;101.3500000;101.3500000;101.3500000;101.3500000;1
RU000A0JTMK9;D;20131018;000000;101.3300000;101.4000000;101.3300000;101.4000000;4001
RU000A0JTMK9;D;20131021;000000;100.9400000;100.9400000;100.9000000;100.9000000;101
RU000A0JTMK9;D;20131022;000000;101.3800000;101.3800000;101.3800000;101.3800000;1
RU000A0JTMK9;D;20131023;000000;101.3800000;101.3800000;101.3800000;101.3800000;1
RU000A0JTMK9;D;20131024;000000;101.4000000;101.4000000;101.3100000;101.3100000;63700
RU000A0JTMK9;D;20131025;000000;101.2500000;101.2500000;101.2500000;101.2500000;50000
RU000A0JTMK9;D;20131030;000000;101.4800000;101.4800000;101.4800000;101.4800000;1
RU000A0JTMK9;D;20131101;000000;101.5800000;101.5800000;101.0700000;101.2000000;3
RU000A0JTMK9;D;20131106;000000;101.2000000;101.3500000;101.2000000;101.3500000;55500
RU000A0JTMK9;D;20131108;000000;101.3500000;101.3800000;101.3500000;101.3800000;240000
RU000A0JTMK9;D;20131113;000000;101.3000000;101.3000000;101.3000000;101.3000000;1
RU000A0JTMK9;D;20131114;000000;101.1000000;101.1000000;101.1000000;101.1000000;50000
RU000A0JTMK9;D;20131115;000000;101.1300000;101.1500000;101.1300000;101.1500000;16320
RU000A0JTMK9;D;20131118;000000;101.1000000;101.1500000;101.1000000;101.1500000;732
RU000A0JTMK9;D;20131121;000000;101.0000000;101.1500000;101.0000000;101.1500000;1003
RU000A0JTMK9;D;20131122;000000;101.1500000;101.1500000;101.1500000;101.1500000;50000
RU000A0JTMK9;D;20131202;000000;100.8000000;100.8000000;100.8000000;100.8000000;1
RU000A0JTMK9;D;20131203;000000;100.3500000;100.3500000;100.3500000;100.3500000;766
RU000A0JTMK9;D;20131204;000000;101.5000000;101.5000000;99.0000000;100.7000000;48768
RU000A0JTMK9;D;20131209;000000;100.5000000;100.5000000;100.5000000;100.5000000;10
RU000A0JTMK9;D;20131213;000000;100.5000000;100.5500000;100.5000000;100.5500000;50000
RU000A0JTMK9;D;20131216;000000;100.4000000;100.4000000;100.4000000;100.4000000;110
RU000A0JTMK9;D;20131223;000000;100.6000000;100.6000000;100.6000000;100.6000000;30000
RU000A0JTMK9;D;20131224;000000;101.0000000;101.0000000;100.3000000;100.8000000;10003
RU000A0JTMK9;D;20131225;000000;100.8000000;100.8000000;100.6500000;100.8000000;301
RU000A0JTMK9;D;20131226;000000;100.8000000;100.8000000;100.8000000;100.8000000;5000
RU000A0JTMK9;D;20131227;000000;100.8000000;100.8000000;100.8000000;100.8000000;30000
RU000A0JTMK9;D;20131230;000000;100.7100000;100.8000000;100.5000000;100.8000000;79836
RU000A0JTMK9;D;20140109;000000;100.0000000;101.0000000;100.0000000;101.0000000;85
RU000A0JTMK9;D;20140114;000000;100.8500000;100.8500000;100.6500000;100.6500000;40001
RU000A0JTMK9;D;20140115;000000;100.7500000;101.0000000;100.7500000;101.0000000;67871
RU000A0JTMK9;D;20140117;000000;101.0000000;101.0000000;101.0000000;101.0000000;1
RU000A0JTMK9;D;20140120;000000;100.9500000;100.9500000;100.9500000;100.9500000;43992
RU000A0JTMK9;D;20140121;000000;100.0000000;100.6100000;100.0000000;100.6100000;2002
RU000A0JTMK9;D;20140122;000000;100.6000000;100.9000000;100.6000000;100.9000000;1494
RU000A0JTMK9;D;20140123;000000;100.7900000;100.7900000;100.7900000;100.7900000;13200
RU000A0JTMK9;D;20140124;000000;100.7500000;100.7500000;100.7500000;100.7500000;200000
RU000A0JTMK9;D;20140128;000000;100.7500000;100.7500000;100.7500000;100.7500000;50000
RU000A0JTMK9;D;20140204;000000;99.9800000;100.5000000;99.9700000;100.5000000;25682
RU000A0JTMK9;D;20140227;000000;100.2500000;100.2500000;100.2500000;100.2500000;1
RU000A0JTMK9;D;20140303;000000;103.0000000;103.0000000;99.0000000;99.0000000;3
RU000A0JTMK9;D;20140304;000000;100.0000000;100.0000000;100.0000000;100.0000000;2500
RU000A0JTMK9;D;20140305;000000;99.7000000;99.7300000;99.7000000;99.7300000;7000
RU000A0JTMK9;D;20140306;000000;98.0000000;98.0000000;98.0000000;98.0000000;205
RU000A0JTMK9;D;20140328;000000;99.7600000;99.7600000;99.7600000;99.7600000;1
RU000A0JTMK9;D;20140331;000000;92.0100000;99.8000000;92.0100000;99.8000000;3
RU000A0JTMK9;D;20140401;000000;99.8700000;99.8700000;99.7100000;99.7100000;4
RU000A0JTMK9;D;20140410;000000;97.0000000;98.0000000;97.0000000;97.0200000;300006
RU000A0JTMK9;D;20140411;000000;97.0200000;97.1400000;96.8000000;97.1400000;150015
RU000A0JTMK9;D;20140414;000000;97.5000000;97.5000000;97.5000000;97.5000000;5000
RU000A0JTMK9;D;20140422;000000;97.2000000;97.2500000;97.2000000;97.2500000;3427
RU000A0JTMK9;D;20140425;000000;95.0000000;95.0000000;95.0000000;95.0000000;2380
RU000A0JTMK9;D;20140429;000000;97.9000000;97.9000000;97.9000000;97.9000000;10
RU000A0JTMK9;D;20140430;000000;97.9000000;97.9000000;94.5000000;94.9900000;5062
RU000A0JTMK9;D;20140505;000000;94.5300000;94.5300000;94.5300000;94.5300000;1
RU000A0JTMK9;D;20140506;000000;97.1900000;97.1900000;95.0000000;95.0000000;33
RU000A0JTMK9;D;20140513;000000;95.5100000;95.5100000;95.5100000;95.5100000;20
RU000A0JTMK9;D;20140515;000000;96.0000000;96.0100000;96.0000000;96.0000000;20032
RU000A0JTMK9;D;20140522;000000;95.7500000;95.8000000;95.7500000;95.8000000;150001
RU000A0JTMK9;D;20140523;000000;96.2500000;96.2500000;96.2500000;96.2500000;5000
RU000A0JTMK9;D;20140526;000000;96.3500000;96.3500000;96.2500000;96.2500000;12156
RU000A0JTMK9;D;20140527;000000;96.5000000;96.5000000;96.5000000;96.5000000;2500
RU000A0JTMK9;D;20140528;000000;96.4000000;96.7500000;96.2500000;96.2500000;61299
RU000A0JTMK9;D;20140530;000000;96.7400000;96.7400000;96.7400000;96.7400000;2
RU000A0JTMK9;D;20140609;000000;96.3000000;96.3000000;95.8000000;95.8000000;80000
RU000A0JTMK9;D;20140610;000000;96.2500000;98.0000000;96.2500000;98.0000000;50002
RU000A0JTMK9;D;20140611;000000;96.9600000;97.0000000;96.9600000;97.0000000;80000
RU000A0JTMK9;D;20140616;000000;95.0000000;95.0000000;94.9000000;95.0000000;93
RU000A0JTMK9;D;20140619;000000;96.5000000;96.5000000;96.5000000;96.5000000;14047
RU000A0JTMK9;D;20140626;000000;96.6000000;96.6000000;96.6000000;96.6000000;14
RU000A0JTMK9;D;20140630;000000;97.9800000;98.0000000;97.9800000;98.0000000;550
RU000A0JTMK9;D;20140702;000000;97.0000000;97.0000000;96.2600000;96.5000000;50982
RU000A0JTMK9;D;20140703;000000;96.5000000;97.0000000;96.3400000;97.0000000;5200
RU000A0JTMK9;D;20140704;000000;97.0500000;97.1700000;97.0500000;97.1700000;40000
RU000A0JTMK9;D;20140707;000000;97.0000000;97.0000000;97.0000000;97.0000000;20000
RU000A0JTMK9;D;20140708;000000;96.8400000;96.8400000;96.8400000;96.8400000;1
RU000A0JTMK9;D;20140710;000000;96.7000000;96.7000000;96.7000000;96.7000000;11
RU000A0JTMK9;D;20140715;000000;97.9400000;97.9500000;97.9400000;97.9500000;17501
RU000A0JTMK9;D;20140729;000000;95.7600000;95.7600000;95.7600000;95.7600000;1
RU000A0JTMK9;D;20140731;000000;97.9300000;97.9300000;97.9300000;97.9300000;520
RU000A0JTMK9;D;20140804;000000;97.0000000;97.0000000;96.6100000;96.6100000;14
RU000A0JTMK9;D;20140814;000000;97.5000000;97.5000000;97.5000000;97.5000000;10
RU000A0JTMK9;D;20140903;000000;96.5000000;96.5000000;96.3500000;96.3500000;10
RU000A0JTMK9;D;20140910;000000;95.0000000;95.0300000;95.0000000;95.0300000;18000
RU000A0JTMK9;D;20140917;000000;93.9000000;95.0000000;93.9000000;95.0000000;105002
RU000A0JTMK9;D;20140918;000000;94.7000000;94.7300000;94.7000000;94.7300000;51960
RU000A0JTMK9;D;20140919;000000;97.9700000;97.9800000;93.0000000;93.0500000;1499
RU000A0JTMK9;D;20140922;000000;94.4800000;94.5000000;93.0000000;93.1100000;44398
RU000A0JTMK9;D;20140923;000000;93.4000000;93.4000000;93.4000000;93.4000000;500000
RU000A0JTMK9;D;20140924;000000;95.3400000;95.3400000;94.3000000;94.4000000;289502
RU000A0JTMK9;D;20140925;000000;93.8500000;94.4000000;93.8500000;94.4000000;252156
RU000A0JTMK9;D;20140926;000000;97.0000000;97.0000000;93.0000000;96.4000000;50794
RU000A0JTMK9;D;20140929;000000;98.0000000;98.0000000;94.0000000;94.0000000;3
RU000A0JTMK9;D;20141001;000000;97.9900000;97.9900000;97.9900000;97.9900000;1
RU000A0JTMK9;D;20141002;000000;97.0000000;97.0000000;92.0100000;96.4000000;50003
RU000A0JTMK9;D;20141007;000000;96.4000000;96.4000000;96.4000000;96.4000000;8
RU000A0JTMK9;D;20141008;000000;93.5100000;96.3900000;93.0000000;93.0000000;301471
RU000A0JTMK9;D;20141022;000000;93.7000000;93.7000000;93.7000000;93.7000000;50000
RU000A0JTMK9;D;20141027;000000;93.5000000;98.5500000;91.7000000;92.0200000;68651
RU000A0JTMK9;D;20141031;000000;93.0000000;94.1500000;93.0000000;94.1500000;500
RU000A0JTMK9;D;20141114;000000;90.0000000;90.0100000;90.0000000;90.0000000;254
RU000A0JTMK9;D;20141117;000000;90.2500000;90.2500000;90.2500000;90.2500000;1
RU000A0JTMK9;D;20141118;000000;89.5000000;89.5000000;89.0000000;89.0000000;17385
RU000A0JTMK9;D;20141124;000000;88.0100000;88.0100000;88.0100000;88.0100000;1
RU000A0JTMK9;D;20141128;000000;91.9700000;91.9900000;91.9700000;91.9900000;254
RU000A0JTMK9;D;20141212;000000;87.5100000;87.5100000;87.5100000;87.5100000;5
RU000A0JTMK9;D;20141215;000000;86.0400000;87.0200000;85.0000000;85.0000000;24
RU000A0JTMK9;D;20141216;000000;80.0100000;80.0100000;80.0100000;80.0100000;1
RU000A0JTMK9;D;20141217;000000;90.0000000;90.0000000;80.0100000;80.0100000;17502
RU000A0JTMK9;D;20141229;000000;95.8500000;95.8500000;95.8500000;95.8500000;1000
RU000A0JTMK9;D;20141230;000000;95.9900000;95.9900000;87.5000000;95.0000000;1688
RU000A0JTMK9;D;20150116;000000;80.0100000;80.0100000;80.0000000;80.0000000;1963
RU000A0JTMK9;D;20150123;000000;81.9300000;81.9300000;81.0000000;81.0000000;32517
RU000A0JTMK9;D;20150204;000000;82.0000000;83.0000000;82.0000000;83.0000000;750
RU000A0JTMK9;D;20150205;000000;83.0000000;83.1000000;83.0000000;83.1000000;550
RU000A0JTMK9;D;20150206;000000;83.5000000;84.0000000;83.5000000;84.0000000;50500
RU000A0JTMK9;D;20150211;000000;85.8500000;86.3500000;85.8500000;86.2500000;450000
RU000A0JTMK9;D;20150226;000000;84.5000000;84.5000000;83.8000000;83.8000000;25000
RU000A0JTMK9;D;20150227;000000;85.0100000;85.0100000;80.5100000;80.5100000;215485
RU000A0JTMK9;D;20150302;000000;82.0100000;84.1300000;82.0100000;84.1300000;126
RU000A0JTMK9;D;20150303;000000;84.1400000;84.1400000;84.0000000;84.0000000;81896
RU000A0JTMK9;D;20150304;000000;84.0000000;84.0000000;84.0000000;84.0000000;10002
RU000A0JTMK9;D;20150305;000000;83.7500000;84.2000000;83.7500000;84.2000000;56832
RU000A0JTMK9;D;20150306;000000;84.0000000;84.0000000;84.0000000;84.0000000;100030
RU000A0JTMK9;D;20150311;000000;84.7500000;84.7500000;84.7500000;84.7500000;40489
RU000A0JTMK9;D;20150312;000000;85.5000000;86.5000000;85.5000000;86.5000000;35000
RU000A0JTMK9;D;20150313;000000;85.8500000;85.8500000;85.7500000;85.7500000;100001
RU000A0JTMK9;D;20150317;000000;85.5500000;85.8500000;85.5500000;85.8500000;150002
RU000A0JTMK9;D;20150318;000000;88.8900000;88.8900000;88.8900000;88.8900000;500
RU000A0JTMK9;D;20150319;000000;85.5100000;85.5100000;85.5000000;85.5000000;275100
RU000A0JTMK9;D;20150320;000000;85.5000000;85.7500000;85.5000000;85.7500000;5100
RU000A0JTMK9;D;20150324;000000;86.5000000;86.5000000;86.4500000;86.4500000;5001
RU000A0JTMK9;D;20150325;000000;86.5000000;87.4000000;86.5000000;87.4000000;125252
RU000A0JTMK9;D;20150326;000000;87.5000000;87.5000000;87.5000000;87.5000000;57500
RU000A0JTMK9;D;20150331;000000;87.8500000;87.8500000;87.8500000;87.8500000;1
RU000A0JTMK9;D;20150401;000000;88.7500000;88.7500000;88.7500000;88.7500000;1
RU000A0JTMK9;D;20150402;000000;88.9900000;88.9900000;88.5000000;88.5000000;505
RU000A0JTMK9;D;20150407;000000;88.5000000;89.5000000;88.5000000;89.5000000;13500
RU000A0JTMK9;D;20150409;000000;89.5000000;89.5000000;89.5000000;89.5000000;9
RU000A0JTMK9;D;20150410;000000;90.0000000;90.0000000;90.0000000;90.0000000;10000
RU000A0JTMK9;D;20150413;000000;89.7000000;90.0000000;89.7000000;90.0000000;15
RU000A0JTMK9;D;20150414;000000;90.2500000;90.2500000;90.0000000;90.0300000;56750
RU000A0JTMK9;D;20150415;000000;90.5000000;90.5200000;90.5000000;90.5200000;40000
RU000A0JTMK9;D;20150416;000000;90.1000000;90.1000000;90.1000000;90.1000000;23000
RU000A0JTMK9;D;20150420;000000;91.0000000;91.2500000;91.0000000;91.0000000;50373
RU000A0JTMK9;D;20150421;000000;90.4000000;90.4000000;90.4000000;90.4000000;6222
RU000A0JTMK9;D;20150423;000000;91.0000000;91.0000000;91.0000000;91.0000000;5500
RU000A0JTMK9;D;20150427;000000;91.1000000;91.1000000;91.1000000;91.1000000;25001
RU000A0JTMK9;D;20150507;000000;92.1500000;92.3500000;92.1500000;92.3500000;11353
RU000A0JTMK9;D;20150508;000000;92.3500000;94.0000000;92.3500000;94.0000000;13897
RU000A0JTMK9;D;20150513;000000;93.0000000;93.0000000;93.0000000;93.0000000;43909
RU000A0JTMK9;D;20150515;000000;93.5000000;93.5000000;93.5000000;93.5000000;5000
RU000A0JTMK9;D;20150519;000000;93.5000000;93.5000000;93.5000000;93.5000000;3150
RU000A0JTMK9;D;20150520;000000;92.1500000;92.2200000;92.1500000;92.2200000;6000
RU000A0JTMK9;D;20150521;000000;92.5000000;92.5000000;92.5000000;92.5000000;50000
RU000A0JTMK9;D;20150528;000000;93.0500000;93.1500000;93.0500000;93.1500000;205004
RU000A0JTMK9;D;20150529;000000;93.1000000;93.1000000;93.1000000;93.1000000;32505
RU000A0JTMK9;D;20150601;000000;93.1000000;93.1000000;93.1000000;93.1000000;30000
RU000A0JTMK9;D;20150602;000000;93.1000000;93.4000000;93.1000000;93.4000000;234999
RU000A0JTMK9;D;20150603;000000;93.5000000;93.5000000;93.3000000;93.3000000;16222
RU000A0JTMK9;D;20150610;000000;80.0100000;80.0100000;80.0100000;80.0100000;1
RU000A0JTMK9;D;20150615;000000;93.5000000;93.5000000;93.5000000;93.5000000;11850
RU000A0JTMK9;D;20150616;000000;93.0000000;93.3500000;93.0000000;93.3500000;100009
RU000A0JTMK9;D;20150623;000000;93.5500000;93.5500000;93.5500000;93.5500000;50000
RU000A0JTMK9;D;20150702;000000;93.1500000;93.1500000;92.5000000;92.5000000;59217
RU000A0JTMK9;D;20150706;000000;94.0000000;94.5000000;92.5100000;92.5200000;1010
RU000A0JTMK9;D;20150708;000000;92.7800000;92.8000000;92.7800000;92.8000000;187963
RU000A0JTMK9;D;20150709;000000;92.8000000;92.8000000;92.8000000;92.8000000;500
RU000A0JTMK9;D;20150710;000000;92.5500000;92.9000000;92.5500000;92.9000000;1503000
RU000A0JTMK9;D;20150713;000000;93.5000000;93.5000000;93.5000000;93.5000000;7
RU000A0JTMK9;D;20150714;000000;92.9000000;92.9000000;92.9000000;92.9000000;150455
RU000A0JTMK9;D;20150716;000000;92.9000000;92.9300000;92.9000000;92.9300000;60
RU000A0JTMK9;D;20150717;000000;93.2500000;93.2500000;93.2500000;93.2500000;15000
RU000A0JTMK9;D;20150722;000000;93.2500000;93.2500000;93.2500000;93.2500000;6700
RU000A0JTMK9;D;20150723;000000;93.0000000;93.0300000;93.0000000;93.0300000;199552
RU000A0JTMK9;D;20150728;000000;92.7500000;92.7500000;92.7500000;92.7500000;3000
RU000A0JTMK9;D;20150729;000000;94.4900000;94.4900000;92.8000000;93.2500000;5081
RU000A0JTMK9;D;20150730;000000;92.8500000;93.6000000;92.8500000;93.6000000;31346
RU000A0JTMK9;D;20150803;000000;93.2500000;93.2500000;92.7000000;92.7000000;106
RU000A0JTMK9;D;20150805;000000;93.0000000;93.4500000;93.0000000;93.4500000;43968
RU000A0JTMK9;D;20150806;000000;92.7000000;92.7000000;92.7000000;92.7000000;5
RU000A0JTMK9;D;20150814;000000;92.7100000;92.7100000;92.7100000;92.7100000;10
RU000A0JTMK9;D;20150818;000000;94.5000000;94.5000000;94.5000000;94.5000000;5
RU000A0JTMK9;D;20150820;000000;93.0500000;95.2500000;93.0500000;95.2500000;28573
RU000A0JTMK9;D;20150907;000000;94.0000000;94.0000000;92.7400000;92.7400000;2
RU000A0JTMK9;D;20150908;000000;92.5000000;93.2500000;92.5000000;92.8000000;59465
RU000A0JTMK9;D;20150909;000000;94.0000000;94.0000000;92.9500000;93.0000000;3
RU000A0JTMK9;D;20150916;000000;92.8000000;92.8000000;92.8000000;92.8000000;2
RU000A0JTMK9;D;20150922;000000;93.3500000;93.3500000;93.3000000;93.3000000;33011
RU000A0JTMK9;D;20150923;000000;94.1300000;94.2000000;94.1300000;94.2000000;100008
RU000A0JTMK9;D;20150928;000000;93.7500000;93.7500000;93.7500000;93.7500000;1
RU000A0JTMK9;D;20151007;000000;93.0100000;94.2000000;93.0000000;94.2000000;52718
RU000A0JTMK9;D;20151008;000000;94.4000000;94.4000000;94.4000000;94.4000000;50890
RU000A0JTMK9;D;20151015;000000;95.2500000;95.2500000;95.2500000;95.2500000;1
RU000A0JTMK9;D;20151106;000000;95.2500000;95.2500000;95.2500000;95.2500000;999
RU000A0JTMK9;D;20151117;000000;94.5000000;95.0000000;94.5000000;95.0000000;31693
RU000A0JTMK9;D;20151210;000000;96.0000000;96.0000000;93.0000000;94.7500000;17502
RU000A0JTMK9;D;20151211;000000;94.8000000;95.9900000;94.8000000;95.9900000;204183
RU000A0JTMK9;D;20151214;000000;93.0100000;93.0100000;93.0100000;93.0100000;1
RU000A0JTMK9;D;20151217;000000;94.7500000;94.7500000;94.7500000;94.7500000;150000
RU000A0JTMK9;D;20151221;000000;95.9900000;96.0000000;94.5000000;94.5000000;35200
RU000A0JTMK9;D;20151222;000000;94.6000000;94.6000000;94.6000000;94.6000000;52500
RU000A0JTMK9;D;20151223;000000;94.7000000;94.7000000;94.7000000;94.7000000;1
RU000A0JTMK9;D;20151225;000000;95.1000000;95.1000000;95.1000000;95.1000000;150000
RU000A0JTMK9;D;20151228;000000;94.3500000;94.3500000;94.3500000;94.3500000;1
RU000A0JTMK9;D;20160114;000000;94.0100000;94.0100000;94.0100000;94.0100000;3
RU000A0JTMK9;D;20160115;000000;94.0100000;94.0100000;94.0100000;94.0100000;10
RU000A0JTMK9;D;20160125;000000;94.9000000;94.9000000;94.9000000;94.9000000;52880
RU000A0JTMK9;D;20160126;000000;94.9000000;95.2000000;94.8900000;95.2000000;122881
RU000A0JTMK9;D;20160127;000000;96.4900000;96.4900000;94.9000000;95.2100000;398292
RU000A0JTMK9;D;20160201;000000;94.0200000;94.0200000;94.0100000;94.0100000;2
RU000A0JTMK9;D;20160203;000000;95.9900000;95.9900000;95.9900000;95.9900000;1
RU000A0JTMK9;D;20160224;000000;96.0000000;96.0000000;96.0000000;96.0000000;10000
RU000A0JTMK9;D;20160304;000000;96.5000000;96.5000000;96.5000000;96.5000000;7160
RU000A0JTMK9;D;20160314;000000;96.0000000;96.1500000;96.0000000;96.1500000;44000
RU000A0JTMK9;D;20160315;000000;96.1000000;96.3000000;96.1000000;96.3000000;200000
RU000A0JTMK9;D;20160316;000000;96.5000000;96.5000000;96.5000000;96.5000000;100000
RU000A0JTMK9;D;20160323;000000;96.2000000;96.2000000;96.2000000;96.2000000;50
RU000A0JTMK9;D;20160324;000000;96.2000000;96.2000000;96.2000000;96.2000000;3275
RU000A0JTMK9;D;20160331;000000;97.0000000;97.0000000;97.0000000;97.0000000;550
RU000A0JTMK9;D;20160404;000000;96.7000000;96.7000000;96.7000000;96.7000000;60000
RU000A0JTMK9;D;20160405;000000;97.0000000;97.1000000;97.0000000;97.0000000;73648
RU000A0JTMK9;D;20160406;000000;97.1000000;97.1500000;97.1000000;97.1500000;10046
RU000A0JTMK9;D;20160407;000000;97.2000000;97.2000000;97.2000000;97.2000000;35
RU000A0JTMK9;D;20160408;000000;97.1900000;97.1900000;97.1900000;97.1900000;112000
RU000A0JTMK9;D;20160413;000000;97.5000000;97.5000000;97.5000000;97.5000000;22
RU000A0JTMK9;D;20160418;000000;97.2500000;97.2500000;97.2500000;97.2500000;10000
RU000A0JTMK9;D;20160419;000000;97.3000000;97.3000000;97.3000000;97.3000000;10000
RU000A0JTMK9;D;20160420;000000;97.3000000;97.3500000;97.3000000;97.3500000;10017
RU000A0JTMK9;D;20160421;000000;97.2900000;97.5000000;97.2900000;97.5000000;2585
RU000A0JTMK9;D;20160422;000000;98.0000000;98.0000000;97.5000000;97.5000000;4501
RU000A0JTMK9;D;20160425;000000;97.1500000;97.1500000;97.0500000;97.0500000;350000
RU000A0JTMK9;D;20160427;000000;97.4000000;97.6000000;97.4000000;97.6000000;5730
RU000A0JTMK9;D;20160428;000000;97.1500000;97.1500000;97.1500000;97.1500000;3500
RU000A0JTMK9;D;20160510;000000;98.0000000;98.0000000;97.0000000;97.0000000;401
RU000A0JTMK9;D;20160513;000000;98.0000000;98.0000000;98.0000000;98.0000000;66
RU000A0JTMK9;D;20160516;000000;98.0000000;98.0000000;98.0000000;98.0000000;20000
RU000A0JTMK9;D;20160517;000000;97.9500000;98.1000000;97.9500000;98.0500000;10900
RU000A0JTMK9;D;20160518;000000;97.5100000;97.5100000;97.5100000;97.5100000;50000
RU000A0JTMK9;D;20160520;000000;97.8000000;97.8000000;97.8000000;97.8000000;1883
RU000A0JTMK9;D;20160523;000000;97.6500000;97.7500000;97.6500000;97.7500000;41000
RU000A0JTMK9;D;20160524;000000;97.6500000;97.6700000;97.6500000;97.6700000;7120
RU000A0JTMK9;D;20160525;000000;98.0000000;98.0000000;98.0000000;98.0000000;5000
RU000A0JTMK9;D;20160527;000000;98.0000000;98.0000000;98.0000000;98.0000000;1000
RU000A0JTMK9;D;20160602;000000;97.5100000;97.5100000;97.0000000;97.0000000;500
RU000A0JTMK9;D;20160607;000000;98.0000000;98.0000000;97.0000000;97.0000000;202
RU000A0JTMK9;D;20160608;000000;97.8500000;97.8500000;97.8500000;97.8500000;125000
RU000A0JTMK9;D;20160615;000000;98.0000000;98.0000000;97.6000000;97.6000000;22901
RU000A0JTMK9;D;20160617;000000;98.0000000;98.0000000;98.0000000;98.0000000;4735
RU000A0JTMK9;D;20160620;000000;98.2800000;98.5000000;97.8500000;97.8500000;13102
RU000A0JTMK9;D;20160621;000000;97.8700000;97.8700000;97.8500000;97.8500000;20
RU000A0JTMK9;D;20160622;000000;97.8700000;97.8700000;97.8500000;97.8500000;15
RU000A0JTMK9;D;20160623;000000;97.8500000;97.8500000;97.8500000;97.8500000;5000
RU000A0JTMK9;D;20160701;000000;98.4800000;98.4900000;98.4800000;98.4900000;12103
RU000A0JTMK9;D;20160711;000000;98.5000000;98.5000000;98.5000000;98.5000000;2935
RU000A0JTMK9;D;20160713;000000;98.5000000;98.5000000;98.3000000;98.3000000;3670
RU000A0JTMK9;D;20160720;000000;98.6800000;99.0000000;98.6800000;99.0000000;1946
RU000A0JTMK9;D;20160722;000000;98.6700000;98.6700000;98.6700000;98.6700000;6251
RU000A0JTMK9;D;20160805;000000;98.2200000;98.2200000;98.2000000;98.2000000;505
RU000A0JTMK9;D;20160808;000000;98.5900000;98.5900000;98.5900000;98.5900000;15
RU000A0JTMK9;D;20160815;000000;98.9500000;98.9500000;98.9500000;98.9500000;6
RU000A0JTMK9;D;20160831;000000;98.3000000;98.3000000;97.6400000;97.6600000;9
RU000A0JTMK9;D;20160901;000000;97.6400000;97.6400000;97.6400000;97.6400000;2
RU000A0JTMK9;D;20160905;000000;98.5700000;99.5000000;98.5700000;99.5000000;2005
RU000A0JTMK9;D;20160914;000000;98.8000000;98.8000000;98.7000000;98.7000000;1000
RU000A0JTMK9;D;20160915;000000;99.4600000;99.4600000;99.4600000;99.4600000;1000
RU000A0JTMK9;D;20160922;000000;97.9300000;97.9300000;97.9300000;97.9300000;2
RU000A0JTMK9;D;20161003;000000;98.8000000;98.8000000;98.8000000;98.8000000;36251
RU000A0JTMK9;D;20161004;000000;99.1000000;99.1000000;98.6500000;98.9000000;422345
RU000A0JTMK9;D;20161005;000000;99.1000000;99.1000000;98.0900000;98.0900000;215003
RU000A0JTMK9;D;20161006;000000;99.1000000;99.1000000;99.1000000;99.1000000;1
RU000A0JTMK9;D;20161007;000000;98.9000000;98.9000000;98.1000000;98.8000000;77408
RU000A0JTMK9;D;20161010;000000;98.1300000;98.1300000;98.1300000;98.1300000;2
RU000A0JTMK9;D;20161011;000000;98.5500000;98.9000000;98.2000000;98.9000000;2745
RU000A0JTMK9;D;20161014;000000;98.8000000;98.8000000;98.8000000;98.8000000;1816
RU000A0JTMK9;D;20161017;000000;98.6000000;98.6000000;98.6000000;98.6000000;736000
RU000A0JTMK9;D;20161019;000000;98.6500000;98.8000000;98.6500000;98.6500000;641
RU000A0JTMK9;D;20161025;000000;98.6500000;98.6500000;98.6500000;98.6500000;200
RU000A0JTMK9;D;20161028;000000;98.7500000;98.8000000;98.7500000;98.8000000;298100
RU000A0JTMK9;D;20161031;000000;98.8500000;98.8500000;98.8500000;98.8500000;320000
RU000A0JTMK9;D;20161108;000000;98.9000000;98.9000000;98.9000000;98.9000000;132
RU000A0JTMK9;D;20161109;000000;98.8500000;98.8500000;98.8500000;98.8500000;33149
RU000A0JTMK9;D;20161110;000000;99.0000000;99.0000000;99.0000000;99.0000000;23444
RU000A0JTMK9;D;20161116;000000;98.7000000;98.7000000;98.7000000;98.7000000;2991
RU000A0JTMK9;D;20161117;000000;98.7000000;98.7000000;98.7000000;98.7000000;3000
RU000A0JTMK9;D;20161118;000000;98.7000000;98.7000000;98.7000000;98.7000000;3000
RU000A0JTMK9;D;20161128;000000;98.8000000;98.8000000;98.8000000;98.8000000;6000
RU000A0JTMK9;D;20161130;000000;99.5000000;99.5000000;99.5000000;99.5000000;2
RU000A0JTMK9;D;20161214;000000;98.9000000;98.9800000;98.9000000;98.9500000;305000
RU000A0JTMK9;D;20161215;000000;99.3000000;99.3000000;98.9000000;98.9700000;490399
RU000A0JTMK9;D;20161216;000000;98.9800000;98.9800000;98.9800000;98.9800000;112000
RU000A0JTMK9;D;20161219;000000;98.9800000;98.9800000;98.9400000;98.9400000;3399
RU000A0JTMK9;D;20161220;000000;99.1000000;99.1000000;98.8900000;98.8900000;2
RU000A0JTMK9;D;20161222;000000;99.0000000;99.0000000;99.0000000;99.0000000;62936
RU000A0JTMK9;D;20161226;000000;98.7000000;99.1000000;98.7000000;99.1000000;13509
RU000A0JTMK9;D;20161228;000000;100.0000000;100.0000000;100.0000000;100.0000000;4
RU000A0JTMK9;D;20170112;000000;99.1000000;99.1000000;98.7000000;98.7000000;3
RU000A0JTMK9;D;20170113;000000;98.9000000;98.9000000;98.7000000;98.7000000;80
RU000A0JTMK9;D;20170119;000000;99.2500000;99.2500000;99.2500000;99.2500000;10000
RU000A0JTMK9;D;20170123;000000;98.7000000;98.7000000;98.7000000;98.7000000;17
RU000A0JTMK9;D;20170124;000000;99.5000000;99.5000000;99.5000000;99.5000000;5
RU000A0JTMK9;D;20170127;000000;99.1000000;99.1000000;99.1000000;99.1000000;230
RU000A0JTMK9;D;20170131;000000;99.3100000;99.3100000;99.3100000;99.3100000;1
RU000A0JTMK9;D;20170201;000000;99.2900000;99.2900000;99.2800000;99.2800000;14000
RU000A0JTMK9;D;20170202;000000;99.2000000;99.2500000;99.2000000;99.2500000;112314
RU000A0JTMK9;D;20170203;000000;99.2500000;99.2500000;99.2500000;99.2500000;12238
RU000A0JTMK9;D;20170206;000000;99.2500000;99.3000000;99.2500000;99.3000000;13310
RU000A0JTMK9;D;20170207;000000;99.2900000;99.2900000;99.2500000;99.2600000;81134
RU000A0JTMK9;D;20170210;000000;99.5000000;99.5000000;99.3300000;99.3300000;59806
RU000A0JTMK9;D;20170213;000000;99.3100000;99.3100000;99.3100000;99.3100000;6
RU000A0JTMK9;D;20170214;000000;99.2500000;99.2500000;99.2000000;99.2000000;169994
RU000A0JTMK9;D;20170215;000000;99.2500000;99.2500000;99.2500000;99.2500000;10
RU000A0JTMK9;D;20170216;000000;99.3000000;99.3000000;99.2500000;99.2500000;100001
RU000A0JTMK9;D;20170220;000000;99.3100000;99.3100000;99.3100000;99.3100000;20
RU000A0JTMK9;D;20170221;000000;99.2500000;99.3000000;99.2500000;99.2500000;120025
RU000A0JTMK9;D;20170222;000000;99.3000000;99.3000000;99.2800000;99.3000000;24050
RU000A0JTMK9;D;20170227;000000;99.2700000;99.2700000;99.2600000;99.2600000;302000
RU000A0JTMK9;D;20170228;000000;99.4000000;99.4000000;99.4000000;99.4000000;4
RU000A0JTMK9;D;20170301;000000;99.4000000;99.4000000;99.4000000;99.4000000;3
RU000A0JTMK9;D;20170303;000000;99.2900000;99.2900000;99.2900000;99.2900000;10
RU000A0JTMK9;D;20170306;000000;99.2400000;99.2400000;99.2400000;99.2400000;85000
RU000A0JTMK9;D;20170307;000000;99.5000000;99.5000000;99.5000000;99.5000000;85000
RU000A0JTMK9;D;20170314;000000;99.2300000;99.7100000;99.2000000;99.2000000;8574
RU000A0JTMK9;D;20170316;000000;99.2000000;99.2000000;99.2000000;99.2000000;50
RU000A0JTMK9;D;20170320;000000;99.2000000;99.2000000;99.2000000;99.2000000;1111
RU000A0JTMK9;D;20170323;000000;99.2500000;99.2500000;99.2500000;99.2500000;44500
RU000A0JTMK9;D;20170329;000000;99.5000000;99.5000000;99.5000000;99.5000000;2
RU000A0JTMK9;D;20170330;000000;99.2300000;99.2300000;99.2300000;99.2300000;14280
RU000A0JTMK9;D;20170404;000000;99.6000000;99.6500000;99.6000000;99.6500000;5000
RU000A0JTMK9;D;20170405;000000;99.6700000;99.6700000;99.3600000;99.3600000;1096532
RU000A0JTMK9;D;20170406;000000;99.7000000;99.7000000;99.7000000;99.7000000;1
RU000A0JTMK9;D;20170410;000000;99.9000000;99.9000000;99.9000000;99.9000000;50
RU000A0JTMK9;D;20170413;000000;99.6000000;99.6000000;99.6000000;99.6000000;37
RU000A0JTMK9;D;20170417;000000;99.5000000;99.8900000;99.5000000;99.8900000;1647
RU000A0JTMK9;D;20170425;000000;99.8900000;99.8900000;99.8900000;99.8900000;295
RU000A0JTMK9;D;20170427;000000;100.0000000;100.0000000;100.0000000;100.0000000;1
RU000A0JTMK9;D;20170428;000000;99.2000000;100.0000000;98.7000000;100.0000000;115
RU000A0JTMK9;D;20170502;000000;100.0000000;100.0000000;100.0000000;100.0000000;3
RU000A0JTMK9;D;20170510;000000;99.5000000;99.5000000;99.5000000;99.5000000;2000
RU000A0JTMK9;D;20170511;000000;99.9000000;99.9000000;99.9000000;99.9000000;67
RU000A0JTMK9;D;20170512;000000;99.9000000;100.0000000;99.9000000;99.9000000;970453
RU000A0JTMK9;D;20170515;000000;99.9000000;99.9000000;99.9000000;99.9000000;484000
RU000A0JTMK9;D;20170517;000000;100.0000000;100.0000000;100.0000000;100.0000000;11271
RU000A0JTMK9;D;20170518;000000;100.0000000;100.0000000;100.0000000;100.0000000;9921
RU000A0JTMK9;D;20170519;000000;99.2200000;99.2200000;99.2200000;99.2200000;2
RU000A0JTMK9;D;20170523;000000;100.1000000;100.1400000;100.1000000;100.1400000;5408
RU000A0JTMK9;D;20170531;000000;100.1400000;100.1400000;100.1400000;100.1400000;5
RU000A0JTMK9;D;20170605;000000;99.2400000;99.2400000;98.7000000;99.2400000;11
RU000A0JTMK9;D;20170607;000000;100.2400000;100.2400000;100.2400000;100.2400000;500
RU000A0JTMK9;D;20170608;000000;100.2400000;100.2400000;100.2400000;100.2400000;10000
RU000A0JTMK9;D;20170614;000000;100.2300000;100.2300000;100.2300000;100.2300000;1
RU000A0JTMK9;D;20170620;000000;99.7500000;99.9500000;99.4000000;99.4000000;3080
RU000A0JTMK9;D;20170621;000000;100.2200000;100.2200000;100.2200000;100.2200000;20
RU000A0JTMK9;D;20170623;000000;100.0000000;100.0000000;100.0000000;100.0000000;132
RU000A0JTMK9;D;20170628;000000;100.1500000;100.1500000;100.1500000;100.1500000;39587
RU000A0JTMK9;D;20170630;000000;100.1900000;100.2000000;100.1900000;100.2000000;30000
RU000A0JTMK9;D;20170703;000000;100.0000000;100.0000000;100.0000000;100.0000000;300
RU000A0JTMK9;D;20170704;000000;100.0000000;100.0000000;100.0000000;100.0000000;317
RU000A0JTMK9;D;20170712;000000;100.0500000;100.0500000;100.0500000;100.0500000;47339
RU000A0JTMK9;D;20170718;000000;100.0000000;100.0000000;100.0000000;100.0000000;10012
RU000A0JTMK9;D;20170726;000000;100.1500000;100.2000000;100.1500000;100.2000000;176732
RU000A0JTMK9;D;20170727;000000;100.1500000;100.2900000;100.1500000;100.2900000;14
RU000A0JTMK9;D;20170728;000000;100.2300000;100.4000000;100.2300000;100.4000000;35065
RU000A0JTMK9;D;20170804;000000;100.3700000;100.3700000;100.3700000;100.3700000;30
RU000A0JTMK9;D;20170808;000000;100.0000000;100.0000000;99.8000000;99.8000000;5000
RU000A0JTMK9;D;20170817;000000;100.1500000;100.1500000;100.1500000;100.1500000;4400
RU000A0JTMK9;D;20170821;000000;100.2800000;100.2800000;100.1100000;100.1100000;50003
RU000A0JTMK9;D;20170822;000000;100.0300000;100.0300000;100.0300000;100.0300000;10000
RU000A0JTMK9;D;20170906;000000;100.2200000;100.3000000;100.2200000;100.3000000;30
RU000A0JTMK9;D;20170908;000000;100.3900000;100.3900000;100.3900000;100.3900000;30
RU000A0JTMK9;D;20170912;000000;100.1100000;100.1100000;100.1100000;100.1100000;50000
RU000A0JTMK9;D;20170914;000000;100.0000000;100.1200000;100.0000000;100.0900000;6660
RU000A0JTMK9;D;20170915;000000;99.7500000;99.7500000;99.7500000;99.7500000;1
RU000A0JTMK9;D;20170929;000000;100.1000000;100.1000000;100.1000000;100.1000000;1
RU000A0JTMK9;D;20171003;000000;100.3200000;100.3200000;100.1500000;100.1500000;80001
RU000A0JTMK9;D;20171004;000000;100.1500000;100.1500000;100.1500000;100.1500000;100000
RU000A0JTMK9;D;20171005;000000;100.3100000;100.3100000;100.3100000;100.3100000;22
RU000A0JTMK9;D;20171009;000000;100.0800000;100.0800000;100.0800000;100.0800000;500000
RU000A0JTMK9;D;20171016;000000;100.2900000;100.2900000;100.2900000;100.2900000;3
RU000A0JTMK9;D;20171023;000000;100.0000000;100.0000000;100.0000000;100.0000000;20006
RU000A0JTMK9;D;20171024;000000;100.0800000;100.0800000;100.0700000;100.0700000;148100
RU000A0JTMK9;D;20171025;000000;100.0800000;100.2000000;100.0700000;100.2000000;411455
RU000A0JTMK9;D;20171026;000000;100.1400000;100.1400000;100.1300000;100.1400000;191171
RU000A0JTMK9;D;20171030;000000;100.1800000;100.1800000;100.1800000;100.1800000;257900
RU000A0JTMK9;D;20171031;000000;100.1500000;100.1500000;100.1500000;100.1500000;4000
RU000A0JTMK9;D;20171109;000000;100.1000000;100.1000000;100.1000000;100.1000000;8823
RU000A0JTMK9;D;20171110;000000;100.2800000;100.2800000;100.2800000;100.2800000;3
RU000A0JTMK9;D;20171114;000000;99.9000000;99.9000000;99.9000000;99.9000000;1
RU000A0JTMK9;D;20171115;000000;100.0700000;100.0700000;100.0700000;100.0700000;7310
RU000A0JTMK9;D;20171116;000000;100.2400000;100.2400000;100.2400000;100.2400000;5
RU000A0JTMK9;D;20171123;000000;100.1100000;100.1100000;100.1100000;100.1100000;21606
RU000A0JTMK9;D;20171127;000000;100.2000000;100.2000000;100.2000000;100.2000000;50
RU000A0JTMK9;D;20171201;000000;100.1100000;100.1900000;100.1100000;100.1900000;3502
RU000A0JTMK9;D;20171204;000000;100.1800000;100.1800000;100.1800000;100.1800000;31383
RU000A0JTMK9;D;20171212;000000;99.8500000;100.0700000;99.2000000;100.0700000;6981
RU000A0JTMK9;D;20171213;000000;99.9000000;99.9000000;99.9000000;99.9000000;50
RU000A0JTMK9;D;20171214;000000;100.0200000;100.0200000;100.0000000;100.0000000;49
RU000A0JTMK9;D;20171215;000000;100.1500000;100.1500000;100.1500000;100.1500000;24
RU000A0JTMK9;D;20171219;000000;100.0700000;100.0700000;100.0000000;100.0000000;3910
RU000A0JTMK9;D;20171221;000000;100.1500000;100.1500000;100.1500000;100.1500000;3450
RU000A0JTMK9;D;20171226;000000;100.1500000;100.1500000;100.1500000;100.1500000;1500
RU000A0JTMK9;D;20171227;000000;100.1500000;100.1500000;100.1500000;100.1500000;1790
RU000A0JTMK9;D;20171228;000000;100.0100000;100.0100000;100.0000000;100.0000000;71
RU000A0JTMK9;D;20180111;000000;97.7500000;100.0200000;97.7500000;100.0200000;5
RU000A0JTMK9;D;20180112;000000;98.0500000;100.0200000;98.0500000;100.0000000;98
RU000A0JTMK9;D;20180115;000000;98.0500000;100.0000000;98.0500000;100.0000000;60
RU000A0JTMK9;D;20180123;000000;100.0500000;100.0500000;100.0500000;100.0500000;11500
RU000A0JTMK9;D;20180129;000000;99.9800000;99.9800000;99.9800000;99.9800000;998
RU000A0JTMK9;D;20180201;000000;99.5000000;99.5000000;99.5000000;99.5000000;2648
RU000A0JTMK9;D;20180202;000000;99.6900000;100.0000000;99.0000000;99.0000000;2674
RU000A0JTMK9;D;20180205;000000;100.0000000;100.0000000;99.0000000;99.0000000;243
RU000A0JTMK9;D;20180206;000000;99.0000000;99.0000000;99.0000000;99.0000000;9000
RU000A0JTMK9;D;20180207;000000;99.0000000;99.0000000;99.0000000;99.0000000;2613
RU000A0JTMK9;D;20180208;000000;100.0000000;100.0000000;99.0000000;99.0000000;30
RU000A0JTMK9;D;20180209;000000;99.0200000;99.7900000;99.0200000;99.0200000;81
RU000A0JTMK9;D;20180212;000000;99.0100000;99.0100000;99.0000000;99.0000000;57
RU000A0JTMK9;D;20180213;000000;98.2600000;98.2600000;98.2200000;98.2200000;21
RU000A0JTMK9;D;20180214;000000;97.9900000;98.0000000;73.2200000;89.0000000;37
RU000A0JTMK9;D;20180216;000000;85.0000000;90.0000000;85.0000000;90.0000000;21
RU000A0JTMK9;D;20180226;000000;75.0000000;90.0000000;75.0000000;90.0000000;4
RU000A0JTMK9;D;20180322;000000;77.6600000;78.8400000;66.0000000;78.8400000;4
RU000A0JTMK9;D;20180327;000000;70.0000000;73.0000000;70.0000000;73.0000000;837
RU000A0JTMK9;D;20180328;000000;73.0000000;73.0000000;73.0000000;73.0000000;114
RU000A0JTMK9;D;20180329;000000;73.5100000;73.5100000;70.0000000;73.0000000;125
RU000A0JTMK9;D;20180402;000000;73.0000000;73.0000000;73.0000000;73.0000000;42
RU000A0JTMK9;D;20180403;000000;70.0100000;70.0100000;70.0000000;70.0000000;15
RU000A0JTMK9;D;20180405;000000;73.0000000;73.0000000;73.0000000;73.0000000;10
RU000A0JTMK9;D;20180409;000000;73.0000000;73.0000000;73.0000000;73.0000000;15
RU000A0JTMK9;D;20180410;000000;73.5100000;73.5100000;73.5100000;73.5100000;1
RU000A0JTMK9;D;20180419;000000;72.0000000;72.0000000;72.0000000;72.0000000;10
RU000A0JTMK9;D;20180423;000000;72.9800000;72.9800000;60.7100000;72.9800000;11
RU000A0JTMK9;D;20180424;000000;72.9900000;72.9900000;72.9900000;72.9900000;3
RU000A0JTMK9;D;20180425;000000;73.0000000;73.0000000;73.0000000;73.0000000;1
RU000A0JTMK9;D;20180426;000000;75.0000000;75.0000000;75.0000000;75.0000000;2
RU000A0JTMK9;D;20180427;000000;73.0000000;73.0000000;73.0000000;73.0000000;117
RU000A0JTMK9;D;20180428;000000;79.8700000;79.8700000;79.8700000;79.8700000;7
RU000A0JTMK9;D;20180502;000000;79.9900000;79.9900000;79.9900000;79.9900000;1
RU000A0JTMK9;D;20180503;000000;65.0100000;74.6100000;65.0100000;74.6100000;26
RU000A0JTMK9;D;20180507;000000;79.9000000;79.9000000;79.9000000;79.9000000;50
RU000A0JTMK9;D;20180510;000000;79.9500000;79.9500000;79.9500000;79.9500000;1
RU000A0JTMK9;D;20180514;000000;76.0000000;76.0000000;71.0000000;72.0000000;1744
RU000A0JTMK9;D;20180521;000000;71.9000000;71.9000000;71.9000000;71.9000000;1
RU000A0JTMK9;D;20180523;000000;71.9000000;71.9000000;71.9000000;71.9000000;20
RU000A0JTMK9;D;20180524;000000;70.0200000;70.0200000;70.0200000;70.0200000;1
RU000A0JTMK9;D;20180528;000000;69.5800000;69.5800000;69.5800000;69.5800000;5
RU000A0JTMK9;D;20180531;000000;71.7500000;71.7500000;71.7500000;71.7500000;30
RU000A0JTMK9;D;20180608;000000;69.5700000;77.0000000;69.5700000;77.0000000;85
RU000A0JTMK9;D;20180613;000000;76.9500000;76.9500000;69.5600000;71.5000000;52
RU000A0JTMK9;D;20180614;000000;71.5000000;71.5000000;71.5000000;71.5000000;9
RU000A0JTMK9;D;20180622;000000;70.0000000;70.0000000;70.0000000;70.0000000;30
RU000A0JTMK9;D;20180625;000000;69.5700000;69.5800000;69.5700000;69.5800000;3
RU000A0JTMK9;D;20180629;000000;72.9500000;72.9500000;72.9500000;72.9500000;14
RU000A0JTMK9;D;20180704;000000;69.5800000;69.5800000;69.5800000;69.5800000;1
RU000A0JTMK9;D;20180705;000000;72.9500000;72.9500000;72.9500000;72.9500000;8
RU000A0JTMK9;D;20180711;000000;72.8900000;72.9000000;72.8900000;72.9000000;10
RU000A0JTMK9;D;20180712;000000;77.5900000;77.6000000;77.5900000;77.6000000;39
RU000A0JTMK9;D;20180717;000000;76.9600000;77.0000000;75.9900000;75.9900000;15
RU000A0JTMK9;D;20180718;000000;69.5900000;74.9800000;69.5800000;74.8900000;11
RU000A0JTMK9;D;20180719;000000;69.5900000;72.0000000;69.5900000;71.0000000;53
RU000A0JTMK9;D;20180723;000000;72.9900000;72.9900000;72.9900000;72.9900000;1
RU000A0JTMK9;D;20180726;000000;72.9700000;72.9700000;72.9700000;72.9700000;4
RU000A0JTMK9;D;20180731;000000;74.9700000;74.9700000;74.9700000;74.9700000;1
RU000A0JTMK9;D;20180801;000000;77.0000000;77.0000000;45.2500000;68.8000000;67
RU000A0JTMK9;D;20180802;000000;71.5000000;71.5000000;69.7700000;69.7700000;16
RU000A0JTMK9;D;20180806;000000;70.9600000;70.9600000;70.9600000;70.9600000;60
RU000A0JTMK9;D;20180807;000000;73.9300000;73.9300000;71.0000000;71.0000000;62
RU000A0JTMK9;D;20180808;000000;71.0000000;71.0000000;71.0000000;71.0000000;21
RU000A0JTMK9;D;20180809;000000;70.9900000;70.9900000;70.9900000;70.9900000;1
RU000A0JTMK9;D;20180813;000000;74.0000000;74.0000000;74.0000000;74.0000000;1
RU000A0JTMK9;D;20180814;000000;71.0000000;71.0000000;71.0000000;71.0000000;70
RU000A0JTMK9;D;20180815;000000;71.0000000;71.0000000;71.0000000;71.0000000;2
RU000A0JTMK9;D;20180816;000000;71.0000000;71.0000000;71.0000000;71.0000000;1
RU000A0JTMK9;D;20180820;000000;72.9900000;72.9900000;70.0000000;70.0000000;3
RU000A0JTMK9;D;20180822;000000;70.0000000;70.0000000;70.0000000;70.0000000;1
RU000A0JTMK9;D;20180823;000000;69.5000000;69.5000000;69.5000000;69.5000000;25
RU000A0JTMK9;D;20180824;000000;69.5000000;69.5000000;69.5000000;69.5000000;10
RU000A0JTMK9;D;20180827;000000;69.9900000;69.9900000;66.0400000;69.9900000;20
RU000A0JTMK9;D;20180831;000000;68.5000000;68.5000000;68.5000000;68.5000000;12
RU000A0JTMK9;D;20180904;000000;66.1900000;66.8700000;66.1900000;66.8600000;44
RU000A0JTMK9;D;20180907;000000;66.0100000;66.0100000;66.0100000;66.0100000;60
RU000A0JTMK9;D;20180910;000000;66.0200000;68.0000000;66.0200000;68.0000000;61
RU000A0JTMK9;D;20180911;000000;67.9800000;67.9900000;67.9800000;67.9900000;67
RU000A0JTMK9;D;20180912;000000;66.1400000;66.1400000;66.1400000;66.1400000;10
RU000A0JTMK9;D;20180914;000000;68.8000000;69.0000000;68.0000000;69.0000000;27
RU000A0JTMK9;D;20180917;000000;70.8900000;70.8900000;70.8900000;70.8900000;1
RU000A0JTMK9;D;20180918;000000;70.9300000;70.9300000;69.0000000;69.0000000;2
RU000A0JTMK9;D;20180919;000000;67.2000000;71.0000000;66.5700000;69.7800000;251
RU000A0JTMK9;D;20180920;000000;70.9900000;70.9900000;70.9900000;70.9900000;10
RU000A0JTMK9;D;20180927;000000;73.7000000;73.7000000;73.7000000;73.7000000;1
RU000A0JTMK9;D;20180928;000000;66.9400000;66.9400000;66.9400000;66.9400000;1
RU000A0JTMK9;D;20181001;000000;72.9900000;72.9900000;71.0000000;71.0000000;22
RU000A0JTMK9;D;20181002;000000;71.0000000;71.0000000;71.0000000;71.0000000;10
RU000A0JTMK9;D;20181004;000000;73.0000000;73.0000000;72.5000000;72.5000000;29
RU000A0JTMK9;D;20181008;000000;66.9500000;70.0000000;66.9500000;70.0000000;2
RU000A0JTMK9;D;20181009;000000;73.7100000;74.9900000;71.0000000;71.0000000;7
RU000A0JTMK9;D;20181010;000000;72.9900000;72.9900000;72.9900000;72.9900000;2
RU000A0JTMK9;D;20181011;000000;74.0000000;74.0000000;74.0000000;74.0000000;10
RU000A0JTMK9;D;20181012;000000;72.9900000;72.9900000;66.9600000;71.0000000;8
RU000A0JTMK9;D;20181017;000000;72.9400000;72.9400000;72.8800000;72.8800000;41
RU000A0JTMK9;D;20181018;000000;72.0000000;72.0000000;72.0000000;72.0000000;2
RU000A0JTMK9;D;20181022;000000;67.5600000;67.5600000;67.5600000;67.5600000;1
RU000A0JTMK9;D;20181023;000000;71.9900000;71.9900000;67.5500000;69.1300000;20
RU000A0JTMK9;D;20181024;000000;71.9900000;71.9900000;71.9900000;71.9900000;78
RU000A0JTMK9;D;20181025;000000;67.1100000;67.1100000;67.0000000;67.0000000;200
RU000A0JTMK9;D;20181029;000000;69.9900000;69.9900000;68.0000000;68.0000000;6
RU000A0JTMK9;D;20181030;000000;69.3600000;69.9600000;69.3600000;69.9600000;3
RU000A0JTMK9;D;20181031;000000;66.9600000;69.9700000;66.9600000;69.9700000;60
RU000A0JTMK9;D;20181101;000000;69.9700000;69.9700000;69.9700000;69.9700000;143
RU000A0JTMK9;D;20181102;000000;69.9900000;69.9900000;69.9900000;69.9900000;1
RU000A0JTMK9;D;20181106;000000;69.9900000;70.0000000;69.9900000;70.0000000;13
RU000A0JTMK9;D;20181107;000000;70.0000000;70.2900000;68.0200000;69.0000000;36
RU000A0JTMK9;D;20181112;000000;70.2500000;70.2500000;70.0000000;70.2500000;7
RU000A0JTMK9;D;20181114;000000;70.2500000;70.2500000;70.2500000;70.2500000;1138
RU000A0JTMK9;D;20181115;000000;70.2600000;70.2600000;70.2600000;70.2600000;3
RU000A0JTMK9;D;20181116;000000;70.2800000;70.2800000;70.2800000;70.2800000;15
RU000A0JTMK9;D;20181119;000000;70.3000000;70.3000000;70.3000000;70.3000000;1
RU000A0JTMK9;D;20181120;000000;70.6000000;70.6000000;70.6000000;70.6000000;17
RU000A0JTMK9;D;20181123;000000;73.9700000;73.9700000;69.0300000;72.9300000;17
RU000A0JTMK9;D;20181126;000000;72.0000000;72.0000000;68.7700000;71.4200000;8
RU000A0JTMK9;D;20181127;000000;68.1500000;71.3800000;68.1500000;71.0000000;33
RU000A0JTMK9;D;20181128;000000;73.0000000;73.0000000;73.0000000;73.0000000;165
RU000A0JTMK9;D;20181129;000000;69.2300000;69.2300000;69.2300000;69.2300000;1
RU000A0JTMK9;D;20181130;000000;73.9700000;73.9700000;69.0500000;73.0000000;462
RU000A0JTMK9;D;20181203;000000;73.9800000;74.9900000;73.9800000;74.9900000;11
RU000A0JTMK9;D;20181204;000000;74.9900000;77.5900000;74.9900000;77.5900000;10
RU000A0JTMK9;D;20181205;000000;98.0000000;98.0000000;98.0000000;98.0000000;1
RU000A0JTMK9;D;20181206;000000;69.6500000;79.7200000;68.5100000;79.7200000;34
RU000A0JTMK9;D;20181210;000000;78.7800000;78.7800000;78.7800000;78.7800000;1
RU000A0JTMK9;D;20181214;000000;78.9900000;80.0000000;78.9900000;80.0000000;13
RU000A0JTMK9;D;20181217;000000;79.0000000;79.9900000;79.0000000;79.9900000;2
RU000A0JTMK9;D;20181219;000000;79.9900000;79.9900000;70.0000000;70.0000000;3
RU000A0JTMK9;D;20181220;000000;74.0000000;74.0000000;68.1700000;72.1700000;318
RU000A0JTMK9;D;20181221;000000;72.3300000;72.3300000;71.0000000;72.0000000;15
RU000A0JTMK9;D;20181224;000000;72.4800000;72.4800000;69.8100000;70.8900000;305
RU000A0JTMK9;D;20181225;000000;67.8400000;70.4300000;66.5000000;70.4300000;195
RU000A0JTMK9;D;20181226;000000;69.8500000;70.6300000;69.8500000;70.6100000;15
RU000A0JTMK9;D;20181227;000000;70.8000000;70.8000000;70.7500000;70.7500000;2
RU000A0JTMK9;D;20181228;000000;70.7500000;70.7500000;70.5000000;70.7500000;154
RU000A0JTMK9;D;20181229;000000;72.6400000;72.6400000;58.0300000;71.9800000;186
RU000A0JTMK9;D;20190103;000000;73.9500000;73.9500000;73.9500000;73.9500000;1
RU000A0JTMK9;D;20190104;000000;73.9600000;73.9600000;73.9600000;73.9600000;27
RU000A0JTMK9;D;20190108;000000;74.0000000;74.0000000;73.9000000;73.9000000;48
RU000A0JTMK9;D;20190109;000000;74.0000000;74.0000000;70.4200000;70.6300000;32
RU000A0JTMK9;D;20190110;000000;72.2400000;73.9700000;70.6000000;70.7700000;324
RU000A0JTMK9;D;20190111;000000;69.5700000;72.5800000;69.5700000;70.4300000;113
RU000A0JTMK9;D;20190114;000000;72.6800000;74.0000000;69.5600000;72.7400000;101
RU000A0JTMK9;D;20190115;000000;72.0000000;72.0000000;70.9200000;70.9200000;6
RU000A0JTMK9;D;20190116;000000;71.8700000;71.8700000;70.7000000;70.8400000;53
RU000A0JTMK9;D;20190117;000000;72.0300000;72.0300000;71.7400000;71.7400000;31
RU000A0JTMK9;D;20190118;000000;72.5100000;72.5100000;70.7900000;72.2100000;9
RU000A0JTMK9;D;20190121;000000;72.1400000;72.1400000;71.8000000;71.8400000;27
RU000A0JTMK9;D;20190122;000000;72.2200000;74.0000000;71.9800000;73.0000000;227
RU000A0JTMK9;D;20190123;000000;73.0000000;73.0000000;70.4200000;70.5100000;206
RU000A0JTMK9;D;20190124;000000;70.0000000;72.2500000;70.0000000;72.2500000;71
RU000A0JTMK9;D;20190125;000000;71.0000000;72.5000000;71.0000000;72.5000000;11
RU000A0JTMK9;D;20190128;000000;71.0100000;72.6100000;71.0000000;72.6100000;41
RU000A0JTMK9;D;20190129;000000;70.5200000;72.7800000;61.0000000;72.6900000;126
RU000A0JTMK9;D;20190130;000000;71.2400000;72.6900000;71.0000000;72.6200000;96
RU000A0JTMK9;D;20190131;000000;72.3000000;72.7000000;72.3000000;72.7000000;7
RU000A0JTMK9;D;20190201;000000;72.7000000;73.5200000;72.7000000;73.5200000;98
RU000A0JTMK9;D;20190204;000000;73.5400000;73.5400000;73.5400000;73.5400000;101
RU000A0JTMK9;D;20190205;000000;73.9700000;73.9700000;71.7400000;73.7600000;26
RU000A0JTMK9;D;20190206;000000;73.7600000;73.7600000;73.7600000;73.7600000;7
RU000A0JTMK9;D;20190207;000000;73.7700000;73.7700000;71.8100000;73.7600000;5
RU000A0JTMK9;D;20190208;000000;71.6000000;73.7600000;71.6000000;73.7600000;13
RU000A0JTMK9;D;20190211;000000;73.7600000;73.7600000;73.7600000;73.7600000;1
RU000A0JTMK9;D;20190212;000000;73.6900000;73.6900000;71.9200000;71.9200000;3
RU000A0JTMK9;D;20190213;000000;72.0000000;73.7400000;71.9700000;73.7400000;73
RU000A0JTMK9;D;20190214;000000;71.6200000;73.3300000;71.6200000;73.3300000;12
RU000A0JTMK9;D;20190215;000000;71.6200000;73.0800000;71.6000000;73.0000000;27
RU000A0JTMK9;D;20190218;000000;71.6100000;73.1500000;71.6100000;73.0900000;18
RU000A0JTMK9;D;20190219;000000;72.8000000;73.0000000;71.6000000;71.6000000;27
RU000A0JTMK9;D;20190220;000000;73.1500000;73.1600000;72.9500000;72.9500000;4
RU000A0JTMK9;D;20190221;000000;72.8400000;72.8400000;72.8400000;72.8400000;49
RU000A0JTMK9;D;20190222;000000;72.7500000;72.7500000;72.5000000;72.7500000;12
RU000A0JTMK9;D;20190225;000000;72.8500000;73.1400000;71.5200000;73.1400000;10
RU000A0JTMK9;D;20190226;000000;73.1400000;74.2700000;71.6800000;73.1500000;252
RU000A0JTMK9;D;20190227;000000;74.0000000;74.0000000;71.5900000;73.9800000;23
RU000A0JTMK9;D;20190228;000000;71.5100000;71.5600000;71.5100000;71.5600000;15
RU000A0JTMK9;D;20190301;000000;73.4700000;74.0000000;72.5100000;72.5100000;51
RU000A0JTMK9;D;20190304;000000;72.5200000;73.7500000;72.2800000;72.2800000;31
RU000A0JTMK9;D;20190305;000000;73.0000000;73.3600000;73.0000000;73.2000000;31
RU000A0JTMK9;D;20190306;000000;73.2000000;73.2000000;73.2000000;73.2000000;2
RU000A0JTMK9;D;20190307;000000;73.0000000;73.0000000;73.0000000;73.0000000;1
RU000A0JTMK9;D;20190311;000000;74.0000000;74.0000000;72.7400000;72.7400000;2
RU000A0JTMK9;D;20190312;000000;72.7600000;74.0000000;72.7600000;74.0000000;3
RU000A0JTMK9;D;20190313;000000;74.9700000;74.9700000;74.9700000;74.9700000;1
RU000A0JTMK9;D;20190314;000000;72.0100000;72.0100000;72.0100000;72.0100000;1
RU000A0JTMK9;D;20190315;000000;74.9900000;75.0000000;74.9900000;74.9900000;8
RU000A0JTMK9;D;20190318;000000;72.0100000;75.4800000;72.0100000;75.4800000;4
RU000A0JTMK9;D;20190319;000000;72.1300000;74.1900000;72.1300000;74.1900000;7
RU000A0JTMK9;D;20190320;000000;74.5100000;74.5100000;74.5100000;74.5100000;1
RU000A0JTMK9;D;20190321;000000;74.0000000;74.0000000;71.8300000;73.2000000;52
RU000A0JTMK9;D;20190322;000000;75.0000000;75.0000000;72.2300000;73.5000000;54
RU000A0JTMK9;D;20190325;000000;74.9600000;74.9600000;72.3800000;72.3800000;4
RU000A0JTMK9;D;20190326;000000;74.7400000;79.8000000;74.7400000;74.9000000;43
RU000A0JTMK9;D;20190327;000000;74.9800000;74.9800000;74.9800000;74.9800000;1
RU000A0JTMK9;D;20190328;000000;72.5100000;74.5000000;72.4000000;72.5500000;33
RU000A0JTMK9;D;20190329;000000;72.5100000;74.5000000;72.5100000;72.5500000;17
RU000A0JTMK9;D;20190401;000000;74.0000000;79.9000000;74.0000000;78.0000000;14
RU000A0JTMK9;D;20190402;000000;75.0000000;75.0000000;75.0000000;75.0000000;1
RU000A0JTMK9;D;20190403;000000;72.6100000;72.6100000;72.5100000;72.5100000;11
RU000A0JTMK9;D;20190404;000000;74.9700000;74.9800000;72.5700000;74.9800000;7
RU000A0JTMK9;D;20190405;000000;74.8900000;74.8900000;74.8900000;74.8900000;1
RU000A0JTMK9;D;20190408;000000;72.5300000;75.9800000;72.5300000;74.0000000;6
RU000A0JTMK9;D;20190409;000000;75.7400000;75.7400000;75.7400000;75.7400000;2
RU000A0JTMK9;D;20190410;000000;73.1300000;77.5000000;73.1200000;77.5000000;29
RU000A0JTMK9;D;20190411;000000;73.5000000;73.5000000;73.5000000;73.5000000;92
RU000A0JTMK9;D;20190412;000000;74.6800000;74.9900000;72.8200000;74.5000000;9
RU000A0JTMK9;D;20190415;000000;74.9000000;74.9000000;74.9000000;74.9000000;2
RU000A0JTMK9;D;20190416;000000;74.9000000;75.0000000;74.9000000;75.0000000;11
RU000A0JTMK9;D;20190417;000000;72.5400000;72.7200000;72.5400000;72.7200000;2
RU000A0JTMK9;D;20190418;000000;74.4900000;74.4900000;74.4900000;74.4900000;1
RU000A0JTMK9;D;20190419;000000;73.0100000;74.4900000;73.0100000;73.5000000;8
RU000A0JTMK9;D;20190422;000000;73.1400000;74.0000000;73.1400000;74.0000000;29
RU000A0JTMK9;D;20190423;000000;73.5000000;73.5000000;73.1200000;73.1200000;13
RU000A0JTMK9;D;20190425;000000;73.0200000;73.0200000;73.0200000;73.0200000;1
RU000A0JTMK9;D;20190426;000000;74.7800000;74.9800000;74.7800000;74.9800000;10
RU000A0JTMK9;D;20190429;000000;74.9300000;74.9300000;73.5100000;74.9200000;9
RU000A0JTMK9;D;20190430;000000;74.9100000;74.9100000;74.9100000;74.9100000;2
RU000A0JTMK9;D;20190502;000000;74.9200000;74.9200000;74.9200000;74.9200000;4
RU000A0JTMK9;D;20190503;000000;74.5000000;74.5000000;73.5100000;73.5100000;6
RU000A0JTMK9;D;20190506;000000;73.5100000;73.9000000;73.5100000;73.9000000;3
RU000A0JTMK9;D;20190507;000000;74.7700000;74.7800000;73.5200000;73.5200000;24
RU000A0JTMK9;D;20190508;000000;74.7300000;74.7300000;74.3900000;74.4000000;138
RU000A0JTMK9;D;20190510;000000;74.7900000;74.7900000;74.7900000;74.7900000;1
RU000A0JTMK9;D;20190513;000000;73.5600000;74.1000000;73.5600000;74.1000000;30
RU000A0JTMK9;D;20190514;000000;73.5300000;74.0000000;73.5300000;74.0000000;114
RU000A0JTMK9;D;20190515;000000;73.5300000;73.5800000;73.5300000;73.5800000;63
RU000A0JTMK9;D;20190516;000000;73.5900000;74.6500000;72.7900000;74.6500000;258
RU000A0JTMK9;D;20190517;000000;74.6900000;74.6900000;74.6300000;74.6300000;9
RU000A0JTMK9;D;20190520;000000;74.4700000;74.4700000;74.4700000;74.4700000;3
RU000A0JTMK9;D;20190521;000000;73.5200000;73.5200000;73.5200000;73.5200000;5
RU000A0JTMK9;D;20190522;000000;74.1000000;74.5900000;73.5600000;74.5500000;25
RU000A0JTMK9;D;20190523;000000;74.1000000;74.3500000;73.7000000;73.7000000;14
RU000A0JTMK9;D;20190524;000000;74.3400000;74.5900000;73.5300000;74.5300000;38
RU000A0JTMK9;D;20190527;000000;74.4500000;74.7200000;73.6600000;74.4800000;29
RU000A0JTMK9;D;20190528;000000;74.0000000;74.4300000;73.5600000;73.6000000;79
RU000A0JTMK9;D;20190529;000000;74.3600000;74.3600000;73.6500000;74.3100000;167
RU000A0JTMK9;D;20190530;000000;74.0000000;74.5000000;74.0000000;74.5000000;17
RU000A0JTMK9;D;20190531;000000;73.6500000;74.7100000;73.6500000;74.7100000;12
RU000A0JTMK9;D;20190603;000000;74.6300000;74.7200000;74.6300000;74.7200000;6
RU000A0JTMK9;D;20190604;000000;74.0000000;74.6300000;74.0000000;74.0100000;13
RU000A0JTMK9;D;20190605;000000;74.6000000;74.7500000;74.0000000;74.7500000;57
RU000A0JTMK9;D;20190607;000000;74.1200000;75.0000000;74.1200000;75.0000000;5
RU000A0JTMK9;D;20190610;000000;74.9000000;75.1000000;74.1800000;74.1800000;16
RU000A0JTMK9;D;20190611;000000;75.0200000;75.3400000;75.0200000;75.3400000;10
RU000A0JTMK9;D;20190613;000000;75.7600000;75.9000000;74.2400000;75.4600000;47
RU000A0JTMK9;D;20190614;000000;75.4300000;75.4900000;75.4300000;75.4900000;3
RU000A0JTMK9;D;20190617;000000;75.8200000;75.8200000;75.8200000;75.8200000;1
RU000A0JTMK9;D;20190618;000000;75.7000000;75.7000000;75.7000000;75.7000000;13
RU000A0JTMK9;D;20190619;000000;75.9800000;75.9800000;75.7200000;75.7200000;7
RU000A0JTMK9;D;20190620;000000;75.9000000;75.9200000;75.9000000;75.9200000;4
RU000A0JTMK9;D;20190621;000000;74.2700000;75.8200000;74.2700000;75.8100000;11
RU000A0JTMK9;D;20190624;000000;75.7000000;75.7000000;75.7000000;75.7000000;55
RU000A0JTMK9;D;20190625;000000;75.8000000;75.8000000;74.5800000;74.5800000;4
RU000A0JTMK9;D;20190626;000000;75.4900000;75.4900000;74.5900000;74.9900000;234
RU000A0JTMK9;D;20190627;000000;75.6400000;75.6400000;74.6100000;75.0000000;36
RU000A0JTMK9;D;20190628;000000;75.5900000;75.5900000;75.5900000;75.5900000;1
RU000A0JTMK9;D;20190701;000000;74.9900000;75.8500000;74.9900000;75.8500000;5
RU000A0JTMK9;D;20190702;000000;75.9000000;76.0000000;75.9000000;76.0000000;10
RU000A0JTMK9;D;20190703;000000;76.0000000;76.0000000;76.0000000;76.0000000;11
RU000A0JTMK9;D;20190704;000000;75.7400000;76.0000000;75.7400000;76.0000000;3
RU000A0JTMK9;D;20190705;000000;76.1000000;76.1000000;75.7500000;75.7500000;43
RU000A0JTMK9;D;20190708;000000;76.1000000;76.2000000;75.0100000;76.2000000;28
RU000A0JTMK9;D;20190709;000000;76.0500000;76.3000000;75.2100000;75.2100000;7
RU000A0JTMK9;D;20190710;000000;76.0000000;76.4000000;76.0000000;76.4000000;117
RU000A0JTMK9;D;20190711;000000;76.5000000;76.9900000;76.5000000;76.9800000;52
RU000A0JTMK9;D;20190712;000000;75.2200000;76.8000000;75.2200000;76.0000000;6
RU000A0JTMK9;D;20190715;000000;76.1000000;80.0000000;76.1000000;80.0000000;90
RU000A0JTMK9;D;20190716;000000;74.9100000;79.9900000;74.5500000;79.9900000;32
RU000A0JTMK9;D;20190717;000000;80.0000000;80.0000000;76.0000000;76.3000000;20
RU000A0JTMK9;D;20190718;000000;76.8900000;79.9900000;76.8900000;79.9900000;5
RU000A0JTMK9;D;20190719;000000;79.9800000;79.9800000;79.9800000;79.9800000;1
RU000A0JTMK9;D;20190722;000000;79.0000000;80.0000000;79.0000000;79.9900000;34
RU000A0JTMK9;D;20190723;000000;79.8700000;79.8700000;79.8700000;79.8700000;3
RU000A0JTMK9;D;20190724;000000;80.0000000;80.0000000;76.9000000;80.0000000;25
RU000A0JTMK9;D;20190725;000000;76.3000000;77.6800000;76.3000000;77.0000000;12
RU000A0JTMK9;D;20190726;000000;77.9900000;78.7400000;77.9900000;78.7400000;3
RU000A0JTMK9;D;20190729;000000;77.7000000;79.2400000;77.7000000;79.2400000;13
RU000A0JTMK9;D;20190730;000000;77.6600000;77.6600000;74.5700000;77.0100000;54
RU000A0JTMK9;D;20190731;000000;78.4900000;78.5000000;76.0100000;77.0000000;15
RU000A0JTMK9;D;20190801;000000;78.5000000;80.0000000;76.2600000;77.0000000;92
RU000A0JTMK9;D;20190802;000000;77.0000000;77.2300000;77.0000000;77.2300000;2
RU000A0JTMK9;D;20190805;000000;77.0000000;77.3000000;77.0000000;77.3000000;21
RU000A0JTMK9;D;20190806;000000;77.2900000;98.0200000;77.2900000;77.8000000;61
RU000A0JTMK9;D;20190807;000000;77.0000000;77.0000000;77.0000000;77.0000000;39
RU000A0JTMK9;D;20190808;000000;77.3000000;80.0000000;76.5300000;77.3000000;62
RU000A0JTMK9;D;20190809;000000;85.9800000;85.9800000;77.8000000;77.8000000;6
RU000A0JTMK9;D;20190812;000000;79.6000000;79.6000000;77.0000000;79.2900000;32
RU000A0JTMK9;D;20190813;000000;77.0000000;79.2900000;77.0000000;78.0000000;18
RU000A0JTMK9;D;20190814;000000;79.2800000;79.2800000;78.0000000;79.2700000;20
RU000A0JTMK9;D;20190815;000000;79.2900000;79.2900000;76.6200000;77.2700000;18
RU000A0JTMK9;D;20190816;000000;77.2700000;77.2700000;77.2700000;77.2700000;3
RU000A0JTMK9;D;20190819;000000;80.0000000;80.0000000;79.9400000;79.9400000;6
RU000A0JTMK9;D;20190820;000000;78.0000000;78.0100000;78.0000000;78.0000000;15
RU000A0JTMK9;D;20190821;000000;79.2900000;79.3000000;79.2900000;79.2900000;4
RU000A0JTMK9;D;20190822;000000;78.0000000;79.9700000;77.2700000;79.9700000;51
RU000A0JTMK9;D;20190823;000000;78.0000000;79.9500000;78.0000000;79.9500000;13
RU000A0JTMK9;D;20190826;000000;78.5000000;79.9700000;78.5000000;79.9700000;11
RU000A0JTMK9;D;20190827;000000;78.5000000;79.9700000;78.5000000;78.5000000;6
RU000A0JTMK9;D;20190828;000000;78.0100000;79.2700000;78.0100000;79.2400000;52
RU000A0JTMK9;D;20190829;000000;79.0000000;79.2700000;79.0000000;79.2700000;3
RU000A0JTMK9;D;20190830;000000;78.5000000;79.2500000;62.0100000;78.0000000;102
RU000A0JTMK9;D;20190902;000000;79.9500000;79.9500000;78.5000000;79.9400000;11
RU000A0JTMK9;D;20190903;000000;79.9400000;79.9400000;78.0200000;78.0200000;9
RU000A0JTMK9;D;20190904;000000;78.6600000;79.9400000;78.0200000;79.9400000;80
RU000A0JTMK9;D;20190905;000000;78.1500000;78.3500000;78.1500000;78.3500000;3
RU000A0JTMK9;D;20190906;000000;79.4200000;79.4200000;78.3700000;79.4200000;23
RU000A0JTMK9;D;20190909;000000;79.4300000;80.5800000;79.4300000;80.5800000;6
RU000A0JTMK9;D;20190910;000000;82.5000000;82.5000000;78.8100000;78.8100000;6
RU000A0JTMK9;D;20190911;000000;79.9300000;85.0200000;79.9300000;83.3400000;12
RU000A0JTMK9;D;20190912;000000;83.3000000;85.0000000;82.0000000;82.0000000;13
RU000A0JTMK9;D;20190913;000000;85.0000000;85.0000000;82.0000000;82.0000000;19
RU000A0JTMK9;D;20190916;000000;81.0000000;81.7000000;81.0000000;81.0100000;33
RU000A0JTMK9;D;20190917;000000;82.8400000;83.3800000;82.0000000;83.3800000;41
RU000A0JTMK9;D;20190918;000000;81.0100000;83.3800000;81.0100000;83.3800000;22
RU000A0JTMK9;D;20190919;000000;81.0200000;83.6000000;81.0200000;82.9900000;8
RU000A0JTMK9;D;20190920;000000;86.9400000;86.9400000;83.0000000;83.0000000;5
RU000A0JTMK9;D;20190923;000000;81.0200000;81.0200000;81.0200000;81.0200000;1
RU000A0JTMK9;D;20190925;000000;81.0200000;84.0000000;81.0200000;82.0000000;21
RU000A0JTMK9;D;20190926;000000;82.8400000;82.8400000;81.0200000;81.0200000;13
RU000A0JTMK9;D;20190927;000000;81.0300000;81.0400000;81.0300000;81.0400000;42
RU000A0JTMK9;D;20190930;000000;81.0700000;81.0700000;81.0200000;81.0200000;25
RU000A0JTMK9;D;20191001;000000;83.5800000;83.5800000;81.0300000;82.0000000;7
RU000A0JTMK9;D;20191002;000000;83.4900000;83.4900000;81.0200000;81.0200000;8
RU000A0JTMK9;D;20191003;000000;83.3800000;83.3800000;79.0000000;82.9800000;33
RU000A0JTMK9;D;20191008;000000;82.9700000;82.9700000;81.0200000;81.0200000;6
RU000A0JTMK9;D;20191009;000000;82.9600000;82.9600000;81.0300000;81.0300000;242
RU000A0JTMK9;D;20191010;000000;82.0000000;82.9500000;82.0000000;82.0000000;3
RU000A0JTMK9;D;20191011;000000;81.0300000;82.9400000;81.0300000;82.9400000;8
RU000A0JTMK9;D;20191014;000000;82.9200000;82.9400000;81.0400000;81.0400000;9
RU000A0JTMK9;D;20191015;000000;82.9100000;82.9100000;82.9100000;82.9100000;53
RU000A0JTMK9;D;20191016;000000;82.9200000;82.9400000;82.8500000;82.8500000;74
RU000A0JTMK9;D;20191017;000000;80.3700000;82.3000000;77.2000000;82.3000000;198
RU000A0JTMK9;D;20191018;000000;81.0500000;82.5700000;81.0500000;81.0600000;21
RU000A0JTMK9;D;20191021;000000;82.5600000;82.9400000;82.5600000;82.9000000;25
RU000A0JTMK9;D;20191023;000000;82.9000000;82.9400000;82.0700000;82.9400000;24
RU000A0JTMK9;D;20191024;000000;81.0600000;82.9400000;80.3800000;82.9400000;17
RU000A0JTMK9;D;20191025;000000;82.9000000;84.5600000;82.9000000;84.5500000;14
RU000A0JTMK9;D;20191028;000000;84.9900000;104.9900000;83.1500000;84.5500000;149
RU000A0JTMK9;D;20191029;000000;83.1800000;84.5400000;80.4100000;84.5400000;74
RU000A0JTMK9;D;20191030;000000;84.5300000;84.5300000;83.9900000;83.9900000;2
RU000A0JTMK9;D;20191031;000000;84.4900000;84.4900000;83.1800000;83.3000000;11
RU000A0JTMK9;D;20191101;000000;83.3000000;83.3000000;83.3000000;83.3000000;1
RU000A0JTMK9;D;20191105;000000;83.1500000;84.0200000;83.1500000;84.0200000;15
RU000A0JTMK9;D;20191108;000000;84.4900000;84.4900000;81.2400000;81.2400000;19
RU000A0JTMK9;D;20191111;000000;83.9800000;83.9800000;83.8900000;83.8900000;2
RU000A0JTMK9;D;20191112;000000;83.5000000;83.9900000;81.0200000;81.0200000;14
RU000A0JTMK9;D;20191113;000000;83.8900000;83.8900000;83.8900000;83.8900000;2
RU000A0JTMK9;D;20191114;000000;83.1500000;83.6500000;81.0500000;83.6500000;12
RU000A0JTMK9;D;20191118;000000;83.8900000;83.8900000;81.2900000;82.0000000;11
RU000A0JTMK9;D;20191120;000000;83.6900000;83.6900000;83.0000000;83.4000000;3
RU000A0JTMK9;D;20191121;000000;81.5000000;83.4900000;81.5000000;83.4900000;11
RU000A0JTMK9;D;20191122;000000;83.6000000;84.4000000;83.6000000;84.4000000;50
RU000A0JTMK9;D;20191125;000000;84.4000000;84.4000000;82.0100000;84.3900000;5
RU000A0JTMK9;D;20191128;000000;84.4000000;90.0000000;84.4000000;85.0000000;32
RU000A0JTMK9;D;20191129;000000;90.0000000;90.0000000;82.0100000;90.0000000;13
RU000A0JTMK9;D;20191202;000000;84.0000000;84.0000000;84.0000000;84.0000000;1
RU000A0JTMK9;D;20191203;000000;89.9800000;90.0000000;89.8700000;89.8700000;24
RU000A0JTMK9;D;20191204;000000;89.8700000;89.8700000;89.8700000;89.8700000;5
RU000A0JTMK9;D;20191205;000000;88.8000000;88.8000000;88.8000000;88.8000000;6
RU000A0JTMK9;D;20191209;000000;83.5100000;87.6800000;83.0000000;85.0000000;36
RU000A0JTMK9;D;20191210;000000;89.0000000;89.0000000;88.3700000;88.3700000;8
RU000A0JTMK9;D;20191211;000000;83.5300000;88.8900000;83.5200000;88.8800000;11
RU000A0JTMK9;D;20191212;000000;87.9700000;87.9700000;87.9700000;87.9700000;1
RU000A0JTMK9;D;20191213;000000;84.0700000;87.8200000;84.0100000;87.8200000;58
RU000A0JTMK9;D;20191216;000000;85.0000000;87.9500000;84.1900000;85.9900000;12
RU000A0JTMK9;D;20191217;000000;84.0700000;86.7700000;84.0600000;86.7700000;23
RU000A0JTMK9;D;20191220;000000;86.4900000;86.4900000;85.9900000;85.9900000;2
RU000A0JTMK9;D;20191223;000000;83.5400000;88.8000000;83.5400000;87.8900000;28
RU000A0JTMK9;D;20191224;000000;88.0000000;88.0000000;87.9700000;87.9800000;8
RU000A0JTMK9;D;20191225;000000;88.7900000;88.7900000;87.9900000;88.7900000;18
RU000A0JTMK9;D;20191226;000000;86.0000000;88.8000000;86.0000000;88.8000000;5
RU000A0JTMK9;D;20191227;000000;88.8000000;88.8000000;88.8000000;88.8000000;1
RU000A0JTMK9;D;20191230;000000;86.0000000;88.0000000;84.3800000;85.5100000;107
RU000A0JTMK9;D;20200103;000000;87.6900000;87.7100000;87.6900000;87.7100000;10
RU000A0JTMK9;D;20200106;000000;87.5900000;88.8000000;87.5900000;88.8000000;111
RU000A0JTMK9;D;20200108;000000;86.0100000;86.0100000;86.0100000;86.0100000;1
RU000A0JTMK9;D;20200109;000000;93.9900000;93.9900000;89.0000000;89.0000000;2
RU000A0JTMK9;D;20200110;000000;94.9000000;94.9000000;86.3000000;87.6900000;49
RU000A0JTMK9;D;20200113;000000;84.3300000;86.0000000;84.3300000;86.0000000;2
RU000A0JTMK9;D;20200114;000000;89.9900000;89.9900000;88.9000000;89.0000000;76
RU000A0JTMK9;D;20200115;000000;91.0000000;91.0000000;87.0200000;91.0000000;10
RU000A0JTMK9;D;20200116;000000;91.9800000;92.0100000;89.9100000;90.0000000;22
RU000A0JTMK9;D;20200117;000000;84.2500000;89.9500000;84.2500000;89.9500000;51
RU000A0JTMK9;D;20200120;000000;87.0200000;89.7000000;87.0200000;87.0500000;22
RU000A0JTMK9;D;20200121;000000;89.6900000;89.7900000;87.0600000;89.7900000;20
RU000A0JTMK9;D;20200122;000000;89.7900000;89.8000000;89.7900000;89.8000000;53
RU000A0JTMK9;D;20200124;000000;89.8000000;89.9000000;87.0700000;89.9000000;12
RU000A0JTMK9;D;20200128;000000;89.9000000;89.9000000;87.0700000;87.0700000;6
RU000A0JTMK9;D;20200129;000000;87.0700000;90.9700000;87.0600000;89.9700000;62
RU000A0JTMK9;D;20200130;000000;89.9400000;89.9400000;89.9000000;89.9000000;4
RU000A0JTMK9;D;20200131;000000;87.0700000;88.0000000;87.0700000;88.0000000;2
RU000A0JTMK9;D;20200203;000000;88.0000000;89.9800000;87.0700000;87.0700000;19
RU000A0JTMK9;D;20200205;000000;87.1000000;89.9400000;87.0700000;89.8400000;50
RU000A0JTMK9;D;20200207;000000;89.8300000;89.8300000;87.1000000;87.1000000;10
RU000A0JTMK9;D;20200210;000000;89.8900000;89.8900000;87.1700000;89.0000000;4
RU000A0JTMK9;D;20200211;000000;89.7800000;89.7900000;89.7800000;89.7900000;5
RU000A0JTMK9;D;20200212;000000;89.7800000;89.7800000;88.0100000;88.0100000;3
RU000A0JTMK9;D;20200213;000000;88.0100000;89.5000000;88.0100000;89.0000000;10
RU000A0JTMK9;D;20200214;000000;89.6000000;89.7700000;88.0100000;88.0200000;5
RU000A0JTMK9;D;20200217;000000;88.0300000;88.0300000;88.0000000;88.0000000;75
RU000A0JTMK9;D;20200218;000000;89.7400000;89.7400000;88.0200000;88.0200000;16
RU000A0JTMK9;D;20200219;000000;89.7300000;89.7400000;89.7200000;89.7400000;12
RU000A0JTMK9;D;20200220;000000;88.0200000;89.7300000;88.0200000;89.7300000;20
RU000A0JTMK9;D;20200221;000000;88.0800000;89.7000000;88.0800000;89.7000000;2
RU000A0JTMK9;D;20200225;000000;88.0900000;88.0900000;88.0900000;88.0900000;4
RU000A0JTMK9;D;20200226;000000;88.0900000;88.0900000;86.2200000;86.2200000;49
RU000A0JTMK9;D;20200227;000000;86.2200000;89.7300000;86.2200000;86.3000000;22
RU000A0JTMK9;D;20200228;000000;88.0000000;88.0000000;88.0000000;88.0000000;1
RU000A0JTMK9;D;20200302;000000;80.1600000;89.6300000;80.1600000;89.5700000;22
RU000A0JTMK9;D;20200303;000000;89.4600000;89.4600000;89.4600000;89.4600000;1
RU000A0JTMK9;D;20200304;000000;86.2600000;86.3000000;86.2600000;86.2600000;21
RU000A0JTMK9;D;20200306;000000;87.9800000;87.9800000;87.9800000;87.9800000;1
RU000A0JTMK9;D;20200310;000000;86.3000000;89.4300000;85.0000000;85.0200000;32
RU000A0JTMK9;D;20200311;000000;85.0200000;85.0200000;85.0200000;85.0200000;6
RU000A0JTMK9;D;20200312;000000;80.0000000;88.9300000;80.0000000;88.9300000;6
RU000A0JTMK9;D;20200313;000000;88.9200000;88.9200000;78.0600000;88.7000000;14
RU000A0JTMK9;D;20200317;000000;75.0000000;84.9900000;75.0000000;80.0000000;8
RU000A0JTMK9;D;20200318;000000;87.5000000;87.5000000;75.0000000;81.0000000;43
RU000A0JTMK9;D;20200319;000000;75.0700000;86.6900000;75.0700000;85.0000000;10
RU000A0JTMK9;D;20200320;000000;85.0000000;87.9700000;85.0000000;87.9700000;22
RU000A0JTMK9;D;20200323;000000;79.0100000;85.0000000;79.0100000;85.0000000;76
RU000A0JTMK9;D;20200324;000000;85.3000000;85.3000000;85.3000000;85.3000000;1
RU000A0JTMK9;D;20200325;000000;85.0000000;86.0000000;85.0000000;86.0000000;5
RU000A0JTMK9;D;20200327;000000;86.6500000;86.6500000;86.6500000;86.6500000;1
RU000A0JTMK9;D;20200330;000000;85.8500000;86.6300000;85.8500000;86.6300000;5
RU000A0JTMK9;D;20200331;000000;86.6100000;86.6300000;86.6100000;86.6100000;7
RU000A0JTMK9;D;20200401;000000;86.6100000;86.6100000;84.8800000;84.8800000;21
RU000A0JTMK9;D;20200402;000000;86.0000000;86.0000000;86.0000000;86.0000000;3
RU000A0JTMK9;D;20200406;000000;86.6500000;87.9500000;80.6200000;85.0000000;14
RU000A0JTMK9;D;20200407;000000;87.9700000;87.9700000;86.0000000;87.0000000;15
RU000A0JTMK9;D;20200408;000000;87.9000000;87.9000000;87.9000000;87.9000000;5
RU000A0JTMK9;D;20200409;000000;87.8900000;87.8900000;87.8000000;87.8000000;2
RU000A0JTMK9;D;20200410;000000;80.1500000;87.9100000;80.1500000;87.9100000;5
RU000A0JTMK9;D;20200414;000000;80.0700000;87.9700000;80.0700000;87.9700000;4
